,mean_fit_time,mean_score_time,mean_test_score,mean_train_score,param_NN__alpha,param_NN__hidden_layer_sizes,param_pca__n_components,params,rank_test_score,split0_test_score,split0_train_score,split1_test_score,split1_train_score,split2_test_score,split2_train_score,split3_test_score,split3_train_score,split4_test_score,split4_train_score,std_fit_time,std_score_time,std_test_score,std_train_score
0,0.00985956192017,0.000303888320923,0.521327014218,0.521327014218,0.1,"(5, 2)",2,"{'NN__hidden_layer_sizes': (5, 2), 'pca__n_components': 2, 'NN__alpha': 0.1}",73,0.521327014218,0.521327014218,0.521327014218,0.521327014218,0.521327014218,0.521327014218,0.521327014218,0.521327014218,0.521327014218,0.521327014218,0.000151891385333,2.25481968395e-05,0.0,0.0
1,0.011040019989,0.000318574905396,0.403791469194,0.402369668246,0.1,"(5, 2)",3,"{'NN__hidden_layer_sizes': (5, 2), 'pca__n_components': 3, 'NN__alpha': 0.1}",229,0.402843601896,0.406398104265,0.417061611374,0.395734597156,0.39336492891,0.405213270142,0.39336492891,0.406398104265,0.412322274882,0.398104265403,0.00189393580641,2.33199209798e-05,0.00966638770349,0.0045334422914
2,0.0101562976837,0.000313425064087,0.521327014218,0.521327014218,0.1,"(5, 2)",4,"{'NN__hidden_layer_sizes': (5, 2), 'pca__n_components': 4, 'NN__alpha': 0.1}",73,0.521327014218,0.521327014218,0.521327014218,0.521327014218,0.521327014218,0.521327014218,0.521327014218,0.521327014218,0.521327014218,0.521327014218,0.000110153573852,1.55134116335e-05,0.0,0.0
3,0.0141561508179,0.000321006774902,0.450236966825,0.441943127962,0.1,"(5, 2)",5,"{'NN__hidden_layer_sizes': (5, 2), 'pca__n_components': 5, 'NN__alpha': 0.1}",201,0.450236966825,0.451421800948,0.45971563981,0.489336492891,0.483412322275,0.452606635071,0.445497630332,0.413507109005,0.412322274882,0.402843601896,0.00404043644114,1.48767079937e-05,0.0230236166853,0.030942096818
4,0.0109933853149,0.000343799591064,0.41990521327,0.422037914692,0.1,"(5, 2)",6,"{'NN__hidden_layer_sizes': (5, 2), 'pca__n_components': 6, 'NN__alpha': 0.1}",217,0.383886255924,0.406398104265,0.417061611374,0.453791469194,0.450236966825,0.43009478673,0.407582938389,0.418246445498,0.440758293839,0.401658767773,0.000952906187183,5.77829450361e-05,0.0237156322335,0.0186948653302
5,0.0103388309479,0.000314140319824,0.521327014218,0.521327014218,0.1,"(5, 2)",7,"{'NN__hidden_layer_sizes': (5, 2), 'pca__n_components': 7, 'NN__alpha': 0.1}",73,0.521327014218,0.521327014218,0.521327014218,0.521327014218,0.521327014218,0.521327014218,0.521327014218,0.521327014218,0.521327014218,0.521327014218,0.000199332955355,9.02545804734e-06,0.0,0.0
6,0.0102385520935,0.000339460372925,0.521327014218,0.521327014218,0.1,"(5, 2)",8,"{'NN__hidden_layer_sizes': (5, 2), 'pca__n_components': 8, 'NN__alpha': 0.1}",73,0.521327014218,0.521327014218,0.521327014218,0.521327014218,0.521327014218,0.521327014218,0.521327014218,0.521327014218,0.521327014218,0.521327014218,0.000368762952736,5.0303811648e-05,0.0,0.0
7,0.00860867500305,0.000327110290527,0.478672985782,0.478672985782,0.1,"(5, 2)",9,"{'NN__hidden_layer_sizes': (5, 2), 'pca__n_components': 9, 'NN__alpha': 0.1}",181,0.478672985782,0.478672985782,0.478672985782,0.478672985782,0.478672985782,0.478672985782,0.478672985782,0.478672985782,0.478672985782,0.478672985782,0.000302993962104,2.1220057183e-05,0.0,0.0
8,0.00863566398621,0.000326585769653,0.521327014218,0.521327014218,0.1,"(5, 2)",10,"{'NN__hidden_layer_sizes': (5, 2), 'pca__n_components': 10, 'NN__alpha': 0.1}",73,0.521327014218,0.521327014218,0.521327014218,0.521327014218,0.521327014218,0.521327014218,0.521327014218,0.521327014218,0.521327014218,0.521327014218,0.000342773474944,2.35034771776e-05,0.0,0.0
9,0.0094792842865,0.000356912612915,0.442654028436,0.447393364929,0.1,"(5, 2)",11,"{'NN__hidden_layer_sizes': (5, 2), 'pca__n_components': 11, 'NN__alpha': 0.1}",209,0.454976303318,0.445497630332,0.431279620853,0.445497630332,0.436018957346,0.450236966825,0.464454976303,0.443127962085,0.42654028436,0.452606635071,0.00181987081322,6.08648591709e-05,0.01456141374,0.00348268683808
10,0.0087103843689,0.00028281211853,0.521327014218,0.521327014218,0.1,"(5,)",2,"{'NN__hidden_layer_sizes': (5,), 'pca__n_components': 2, 'NN__alpha': 0.1}",73,0.521327014218,0.521327014218,0.521327014218,0.521327014218,0.521327014218,0.521327014218,0.521327014218,0.521327014218,0.521327014218,0.521327014218,0.000340368087029,1.17947577162e-05,0.0,0.0
11,0.0118078231812,0.000301361083984,0.614218009479,0.607109004739,0.1,"(5,)",3,"{'NN__hidden_layer_sizes': (5,), 'pca__n_components': 3, 'NN__alpha': 0.1}",13,0.60663507109,0.60663507109,0.682464454976,0.642180094787,0.57345971564,0.61018957346,0.587677725118,0.598341232227,0.620853080569,0.578199052133,0.00443325516166,1.1272938712e-05,0.0377484507142,0.0207477953932
12,0.00900435447693,0.00030403137207,0.436966824645,0.4336492891,0.1,"(5,)",4,"{'NN__hidden_layer_sizes': (5,), 'pca__n_components': 4, 'NN__alpha': 0.1}",213,0.436018957346,0.432464454976,0.454976303318,0.479857819905,0.436018957346,0.443127962085,0.421800947867,0.411137440758,0.436018957346,0.401658767773,0.000254452389111,1.60527779941e-05,0.0105550035314,0.0274104146747
13,0.0135510444641,0.000314378738403,0.513744075829,0.53009478673,0.1,"(5,)",5,"{'NN__hidden_layer_sizes': (5,), 'pca__n_components': 5, 'NN__alpha': 0.1}",148,0.568720379147,0.563981042654,0.464454976303,0.537914691943,0.526066350711,0.505924170616,0.521327014218,0.529620853081,0.488151658768,0.513033175355,0.004768587304,2.65348632142e-05,0.0355418639986,0.0204204365145
14,0.0112889766693,0.000338268280029,0.604739336493,0.601184834123,0.1,"(5,)",6,"{'NN__hidden_layer_sizes': (5,), 'pca__n_components': 6, 'NN__alpha': 0.1}",21,0.611374407583,0.617298578199,0.644549763033,0.597156398104,0.582938388626,0.616113744076,0.582938388626,0.612559241706,0.601895734597,0.562796208531,0.00181835774585,5.54023220563e-05,0.0227488151659,0.0205027662524
15,0.0118813991547,0.000310611724854,0.561137440758,0.577725118483,0.1,"(5,)",7,"{'NN__hidden_layer_sizes': (5,), 'pca__n_components': 7, 'NN__alpha': 0.1}",48,0.549763033175,0.57345971564,0.597156398104,0.582938388626,0.57345971564,0.597156398104,0.545023696682,0.578199052133,0.54028436019,0.556872037915,0.00372431135789,2.25344785676e-05,0.0213217476383,0.013099786693
16,0.0112616062164,0.000314378738403,0.470142180095,0.472511848341,0.1,"(5,)",8,"{'NN__hidden_layer_sizes': (5,), 'pca__n_components': 8, 'NN__alpha': 0.1}",197,0.45971563981,0.454976303318,0.436018957346,0.454976303318,0.492890995261,0.46327014218,0.464454976303,0.472748815166,0.497630331754,0.516587677725,0.00227679194261,1.60882906854e-05,0.0227092863521,0.0229918885717
17,0.00861864089966,0.000304126739502,0.38009478673,0.387677725118,0.1,"(5,)",9,"{'NN__hidden_layer_sizes': (5,), 'pca__n_components': 9, 'NN__alpha': 0.1}",237,0.341232227488,0.369668246445,0.312796208531,0.381516587678,0.45971563981,0.373222748815,0.379146919431,0.405213270142,0.407582938389,0.408767772512,0.00161549616708,7.26547125044e-06,0.051254998425,0.0162698046386
18,0.00864210128784,0.000309181213379,0.40663507109,0.40971563981,0.1,"(5,)",10,"{'NN__hidden_layer_sizes': (5,), 'pca__n_components': 10, 'NN__alpha': 0.1}",225,0.440758293839,0.412322274882,0.345971563981,0.419431279621,0.454976303318,0.387440758294,0.39336492891,0.425355450237,0.398104265403,0.404028436019,0.00168301788014,1.12460807941e-05,0.0385491931899,0.0132235132022
19,0.0152092456818,0.000321578979492,0.588625592417,0.58672985782,0.1,"(5,)",11,"{'NN__hidden_layer_sizes': (5,), 'pca__n_components': 11, 'NN__alpha': 0.1}",29,0.563981042654,0.586492890995,0.620853080569,0.5663507109,0.559241706161,0.590047393365,0.635071090047,0.60663507109,0.563981042654,0.584123222749,0.00439059733768,2.74131189814e-05,0.0324774250218,0.0128793158689
20,0.00866332054138,0.000283098220825,0.521327014218,0.521327014218,0.1,"(2,)",2,"{'NN__hidden_layer_sizes': (2,), 'pca__n_components': 2, 'NN__alpha': 0.1}",73,0.521327014218,0.521327014218,0.521327014218,0.521327014218,0.521327014218,0.521327014218,0.521327014218,0.521327014218,0.521327014218,0.521327014218,0.000347023810398,1.36533725339e-05,0.0,0.0
21,0.00895500183105,0.000285863876343,0.521327014218,0.521327014218,0.1,"(2,)",3,"{'NN__hidden_layer_sizes': (2,), 'pca__n_components': 3, 'NN__alpha': 0.1}",73,0.521327014218,0.521327014218,0.521327014218,0.521327014218,0.521327014218,0.521327014218,0.521327014218,0.521327014218,0.521327014218,0.521327014218,0.000280239636007,1.29906405506e-05,0.0,0.0
22,0.00947961807251,0.000291395187378,0.675829383886,0.682227488152,0.1,"(2,)",4,"{'NN__hidden_layer_sizes': (2,), 'pca__n_components': 4, 'NN__alpha': 0.1}",1,0.710900473934,0.656398104265,0.654028436019,0.667061611374,0.682464454976,0.68009478673,0.663507109005,0.706161137441,0.668246445498,0.701421800948,0.00127950845485,1.04572030423e-05,0.0197920502539,0.0191987005692
23,0.00889644622803,0.000319385528564,0.478672985782,0.478672985782,0.1,"(2,)",5,"{'NN__hidden_layer_sizes': (2,), 'pca__n_components': 5, 'NN__alpha': 0.1}",181,0.478672985782,0.478672985782,0.478672985782,0.478672985782,0.478672985782,0.478672985782,0.478672985782,0.478672985782,0.478672985782,0.478672985782,0.000329068794973,3.60952185575e-05,0.0,0.0
24,0.010955286026,0.000292015075684,0.498578199052,0.499763033175,0.1,"(2,)",6,"{'NN__hidden_layer_sizes': (2,), 'pca__n_components': 6, 'NN__alpha': 0.1}",168,0.497630331754,0.501184834123,0.502369668246,0.494075829384,0.473933649289,0.50355450237,0.521327014218,0.502369668246,0.497630331754,0.497630331754,0.00245877392267,1.52732363494e-05,0.0151065189104,0.00346652579107
25,0.00908875465393,0.000288724899292,0.521327014218,0.521327014218,0.1,"(2,)",7,"{'NN__hidden_layer_sizes': (2,), 'pca__n_components': 7, 'NN__alpha': 0.1}",73,0.521327014218,0.521327014218,0.521327014218,0.521327014218,0.521327014218,0.521327014218,0.521327014218,0.521327014218,0.521327014218,0.521327014218,0.000478180946862,9.97604419304e-06,0.0,0.0
26,0.00898776054382,0.000300979614258,0.521327014218,0.521327014218,0.1,"(2,)",8,"{'NN__hidden_layer_sizes': (2,), 'pca__n_components': 8, 'NN__alpha': 0.1}",73,0.521327014218,0.521327014218,0.521327014218,0.521327014218,0.521327014218,0.521327014218,0.521327014218,0.521327014218,0.521327014218,0.521327014218,0.000249091014228,1.89170381623e-05,0.0,0.0
27,0.00996799468994,0.000320196151733,0.60663507109,0.61990521327,0.1,"(2,)",9,"{'NN__hidden_layer_sizes': (2,), 'pca__n_components': 9, 'NN__alpha': 0.1}",17,0.597156398104,0.598341232227,0.611374407583,0.614928909953,0.644549763033,0.622037914692,0.578199052133,0.63981042654,0.601895734597,0.624407582938,0.00251629981648,3.41885924447e-05,0.0218215439492,0.0134967117212
28,0.00727157592773,0.0003014087677,0.478672985782,0.478672985782,0.1,"(2,)",10,"{'NN__hidden_layer_sizes': (2,), 'pca__n_components': 10, 'NN__alpha': 0.1}",181,0.478672985782,0.478672985782,0.478672985782,0.478672985782,0.478672985782,0.478672985782,0.478672985782,0.478672985782,0.478672985782,0.478672985782,0.000297482014381,1.14335567939e-05,0.0,0.0
29,0.00694675445557,0.000289630889893,0.521327014218,0.521563981043,0.1,"(2,)",11,"{'NN__hidden_layer_sizes': (2,), 'pca__n_components': 11, 'NN__alpha': 0.1}",73,0.521327014218,0.521327014218,0.521327014218,0.521327014218,0.521327014218,0.522511848341,0.521327014218,0.521327014218,0.521327014218,0.521327014218,0.000176962704767,5.53089995336e-06,0.0,0.000473933649289
30,0.0157921791077,0.000317192077637,0.544075829384,0.54336492891,0.1,"(10, 5)",2,"{'NN__hidden_layer_sizes': (10, 5), 'pca__n_components': 2, 'NN__alpha': 0.1}",61,0.521327014218,0.527251184834,0.526066350711,0.515402843602,0.530805687204,0.522511848341,0.620853080569,0.625592417062,0.521327014218,0.526066350711,0.00717702656187,9.09947238302e-06,0.0385491931899,0.0413206547566
31,0.0108867645264,0.000324487686157,0.521327014218,0.521327014218,0.1,"(10, 5)",3,"{'NN__hidden_layer_sizes': (10, 5), 'pca__n_components': 3, 'NN__alpha': 0.1}",73,0.521327014218,0.521327014218,0.521327014218,0.521327014218,0.521327014218,0.521327014218,0.521327014218,0.521327014218,0.521327014218,0.521327014218,0.000318895579541,8.69623392351e-06,0.0,0.0
32,0.0107791900635,0.00034441947937,0.521327014218,0.521327014218,0.1,"(10, 5)",4,"{'NN__hidden_layer_sizes': (10, 5), 'pca__n_components': 4, 'NN__alpha': 0.1}",73,0.521327014218,0.521327014218,0.521327014218,0.521327014218,0.521327014218,0.521327014218,0.521327014218,0.521327014218,0.521327014218,0.521327014218,0.000178464637376,2.06551414823e-05,0.0,0.0
33,0.0110013008118,0.000331974029541,0.521327014218,0.521327014218,0.1,"(10, 5)",5,"{'NN__hidden_layer_sizes': (10, 5), 'pca__n_components': 5, 'NN__alpha': 0.1}",73,0.521327014218,0.521327014218,0.521327014218,0.521327014218,0.521327014218,0.521327014218,0.521327014218,0.521327014218,0.521327014218,0.521327014218,0.000241717188657,6.66310617258e-06,0.0,0.0
34,0.0175510883331,0.000344228744507,0.568720379147,0.577488151659,0.1,"(10, 5)",6,"{'NN__hidden_layer_sizes': (10, 5), 'pca__n_components': 6, 'NN__alpha': 0.1}",37,0.549763033175,0.559241706161,0.549763033175,0.541469194313,0.554502369668,0.559241706161,0.597156398104,0.611374407583,0.592417061611,0.616113744076,0.00332260946386,1.85877216136e-05,0.021405857423,0.0303428593412
35,0.0150394439697,0.000395965576172,0.624644549763,0.636966824645,0.1,"(10, 5)",7,"{'NN__hidden_layer_sizes': (10, 5), 'pca__n_components': 7, 'NN__alpha': 0.1}",12,0.630331753555,0.64336492891,0.625592417062,0.611374407583,0.625592417062,0.64336492891,0.630331753555,0.650473933649,0.611374407583,0.636255924171,0.00384719796962,0.000103896503248,0.00696537367616,0.0135631166078
36,0.0116488456726,0.000368642807007,0.521327014218,0.521327014218,0.1,"(10, 5)",8,"{'NN__hidden_layer_sizes': (10, 5), 'pca__n_components': 8, 'NN__alpha': 0.1}",73,0.521327014218,0.521327014218,0.521327014218,0.521327014218,0.521327014218,0.521327014218,0.521327014218,0.521327014218,0.521327014218,0.521327014218,0.00016962341041,3.03125197696e-05,0.0,0.0
37,0.0100066184998,0.000364971160889,0.521327014218,0.521090047393,0.1,"(10, 5)",9,"{'NN__hidden_layer_sizes': (10, 5), 'pca__n_components': 9, 'NN__alpha': 0.1}",73,0.521327014218,0.521327014218,0.521327014218,0.521327014218,0.521327014218,0.521327014218,0.521327014218,0.521327014218,0.521327014218,0.520142180095,0.000566359696891,4.3569036732e-05,0.0,0.000473933649289
38,0.00957617759705,0.000347185134888,0.521327014218,0.521327014218,0.1,"(10, 5)",10,"{'NN__hidden_layer_sizes': (10, 5), 'pca__n_components': 10, 'NN__alpha': 0.1}",73,0.521327014218,0.521327014218,0.521327014218,0.521327014218,0.521327014218,0.521327014218,0.521327014218,0.521327014218,0.521327014218,0.521327014218,0.00022965571585,1.16843591901e-05,0.0,0.0
39,0.0157537937164,0.000365161895752,0.510900473934,0.524644549763,0.1,"(10, 5)",11,"{'NN__hidden_layer_sizes': (10, 5), 'pca__n_components': 11, 'NN__alpha': 0.1}",161,0.521327014218,0.497630331754,0.469194312796,0.49644549763,0.497630331754,0.507109004739,0.554502369668,0.547393364929,0.511848341232,0.574644549763,0.00406832312253,1.40052195576e-05,0.028022266349,0.0311446895845
40,0.0103419780731,0.000306415557861,0.497630331754,0.495971563981,0.1,"(10,)",2,"{'NN__hidden_layer_sizes': (10,), 'pca__n_components': 2, 'NN__alpha': 0.1}",169,0.478672985782,0.502369668246,0.502369668246,0.492890995261,0.507109004739,0.494075829384,0.521327014218,0.490521327014,0.478672985782,0.5,0.00184815670818,1.36073318053e-05,0.0166889259352,0.00447108110524
41,0.0159758090973,0.000334930419922,0.660663507109,0.668483412322,0.1,"(10,)",3,"{'NN__hidden_layer_sizes': (10,), 'pca__n_components': 3, 'NN__alpha': 0.1}",5,0.616113744076,0.648104265403,0.715639810427,0.678909952607,0.720379146919,0.691943127962,0.663507109005,0.704976303318,0.587677725118,0.618483412322,0.00434402507049,4.49790156288e-05,0.0527409582682,0.0313244687826
42,0.0155721664429,0.000324487686157,0.599052132701,0.595971563981,0.1,"(10,)",4,"{'NN__hidden_layer_sizes': (10,), 'pca__n_components': 4, 'NN__alpha': 0.1}",25,0.625592417062,0.597156398104,0.587677725118,0.565165876777,0.60663507109,0.565165876777,0.578199052133,0.633886255924,0.597156398104,0.618483412322,0.00395964661027,2.67709137871e-05,0.0163077256247,0.0277261311437
43,0.0133107662201,0.000347757339478,0.512796208531,0.503791469194,0.1,"(10,)",5,"{'NN__hidden_layer_sizes': (10,), 'pca__n_components': 5, 'NN__alpha': 0.1}",153,0.469194312796,0.501184834123,0.545023696682,0.537914691943,0.592417061611,0.535545023697,0.483412322275,0.481042654028,0.473933649289,0.46327014218,0.00496303280863,5.41525383463e-05,0.0482761386853,0.0294583218637
44,0.0101807594299,0.000348043441772,0.471090047393,0.46990521327,0.1,"(10,)",6,"{'NN__hidden_layer_sizes': (10,), 'pca__n_components': 6, 'NN__alpha': 0.1}",193,0.440758293839,0.471563981043,0.431279620853,0.451421800948,0.445497630332,0.45971563981,0.507109004739,0.468009478673,0.530805687204,0.498815165877,0.00069680720523,3.95707044195e-05,0.0400579082637,0.0160473961643
45,0.0129589557648,0.000367021560669,0.545023696682,0.54691943128,0.1,"(10,)",7,"{'NN__hidden_layer_sizes': (10,), 'pca__n_components': 7, 'NN__alpha': 0.1}",53,0.526066350711,0.559241706161,0.578199052133,0.527251184834,0.54028436019,0.539099526066,0.516587677725,0.549763033175,0.563981042654,0.559241706161,0.00166506256078,1.14585864146e-05,0.0230236166853,0.0123268310935
46,0.0198177337646,0.000345468521118,0.578199052133,0.574407582938,0.1,"(10,)",8,"{'NN__hidden_layer_sizes': (10,), 'pca__n_components': 8, 'NN__alpha': 0.1}",33,0.568720379147,0.587677725118,0.701421800948,0.60663507109,0.521327014218,0.585308056872,0.549763033175,0.528436018957,0.549763033175,0.563981042654,0.0049059842299,1.54196190748e-05,0.0634434143343,0.026666928714
47,0.0251922607422,0.000390577316284,0.568720379147,0.587914691943,0.1,"(10,)",9,"{'NN__hidden_layer_sizes': (10,), 'pca__n_components': 9, 'NN__alpha': 0.1}",37,0.568720379147,0.537914691943,0.672985781991,0.668246445498,0.436018957346,0.483412322275,0.483412322275,0.549763033175,0.682464454976,0.700236966825,0.0149986019225,6.12477608122e-05,0.0986875077522,0.0823963329241
48,0.00801901817322,0.000320243835449,0.522274881517,0.521800947867,0.1,"(10,)",10,"{'NN__hidden_layer_sizes': (10,), 'pca__n_components': 10, 'NN__alpha': 0.1}",69,0.516587677725,0.522511848341,0.521327014218,0.522511848341,0.521327014218,0.521327014218,0.526066350711,0.521327014218,0.526066350711,0.521327014218,0.000376194975724,1.15817453819e-05,0.00354659467941,0.000580447806347
49,0.0123847007751,0.000339984893799,0.512796208531,0.511611374408,0.1,"(10,)",11,"{'NN__hidden_layer_sizes': (10,), 'pca__n_components': 11, 'NN__alpha': 0.1}",153,0.507109004739,0.522511848341,0.616113744076,0.591232227488,0.497630331754,0.511848341232,0.473933649289,0.484597156398,0.469194312796,0.447867298578,0.00520404835548,3.83372330518e-05,0.0535691797192,0.0474371835347
50,0.0160345554352,0.000314283370972,0.449289099526,0.461848341232,0.1,"(6,)",2,"{'NN__hidden_layer_sizes': (6,), 'pca__n_components': 2, 'NN__alpha': 0.1}",205,0.398104265403,0.445497630332,0.473933649289,0.449052132701,0.454976303318,0.451421800948,0.398104265403,0.464454976303,0.521327014218,0.498815165877,0.00451497989012,1.16199648633e-05,0.0470508953402,0.0195608901265
51,0.0109527587891,0.000315046310425,0.408530805687,0.412796208531,0.1,"(6,)",3,"{'NN__hidden_layer_sizes': (6,), 'pca__n_components': 3, 'NN__alpha': 0.1}",221,0.431279620853,0.400473933649,0.341232227488,0.417061611374,0.398104265403,0.411137440758,0.464454976303,0.407582938389,0.407582938389,0.427725118483,0.00253905299422,1.43769368573e-05,0.0407031479689,0.00919602270708
52,0.0159031867981,0.000331830978394,0.490047393365,0.501658767773,0.1,"(6,)",4,"{'NN__hidden_layer_sizes': (6,), 'pca__n_components': 4, 'NN__alpha': 0.1}",177,0.492890995261,0.494075829384,0.42654028436,0.478672985782,0.483412322275,0.494075829384,0.578199052133,0.511848341232,0.469194312796,0.529620853081,0.00498850605227,2.77752630655e-05,0.0495798931967,0.0174874452393
53,0.016671037674,0.000344800949097,0.545023696682,0.55,0.1,"(6,)",5,"{'NN__hidden_layer_sizes': (6,), 'pca__n_components': 5, 'NN__alpha': 0.1}",53,0.530805687204,0.53672985782,0.563981042654,0.563981042654,0.578199052133,0.604265402844,0.530805687204,0.520142180095,0.521327014218,0.524881516588,0.00722252802529,4.32489988163e-05,0.0220264455708,0.0311086090701
54,0.0122867107391,0.000335073471069,0.535545023697,0.526066350711,0.1,"(6,)",6,"{'NN__hidden_layer_sizes': (6,), 'pca__n_components': 6, 'NN__alpha': 0.1}",65,0.526066350711,0.535545023697,0.545023696682,0.518957345972,0.526066350711,0.528436018957,0.554502369668,0.530805687204,0.526066350711,0.516587677725,0.00243575533843,2.60069101854e-05,0.0119896783324,0.00718755966261
55,0.00946564674377,0.000327587127686,0.517535545024,0.516113744076,0.1,"(6,)",7,"{'NN__hidden_layer_sizes': (6,), 'pca__n_components': 7, 'NN__alpha': 0.1}",141,0.497630331754,0.527251184834,0.568720379147,0.524881516588,0.488151658768,0.515402843602,0.526066350711,0.514218009479,0.507109004739,0.498815165877,0.000103726429879,1.80802415135e-05,0.0284991400538,0.0100424739812
56,0.00988574028015,0.0003173828125,0.493838862559,0.51018957346,0.1,"(6,)",8,"{'NN__hidden_layer_sizes': (6,), 'pca__n_components': 8, 'NN__alpha': 0.1}",173,0.488151658768,0.522511848341,0.597156398104,0.549763033175,0.469194312796,0.526066350711,0.445497630332,0.495260663507,0.469194312796,0.457345971564,0.00122275447778,1.42049461293e-05,0.0534011981839,0.0315762183983
57,0.0162473678589,0.00032262802124,0.545971563981,0.559478672986,0.1,"(6,)",9,"{'NN__hidden_layer_sizes': (6,), 'pca__n_components': 9, 'NN__alpha': 0.1}",52,0.549763033175,0.549763033175,0.582938388626,0.572274881517,0.502369668246,0.529620853081,0.535545023697,0.516587677725,0.559241706161,0.629146919431,0.00658898972739,2.39514692261e-05,0.0267090100542,0.0396053735153
58,0.00877499580383,0.000318765640259,0.388625592417,0.380331753555,0.1,"(6,)",10,"{'NN__hidden_layer_sizes': (6,), 'pca__n_components': 10, 'NN__alpha': 0.1}",233,0.379146919431,0.388625592417,0.350710900474,0.414691943128,0.412322274882,0.385071090047,0.412322274882,0.359004739336,0.388625592417,0.354265402844,0.0021803155291,1.00667992503e-05,0.0230236166853,0.0219370366086
59,0.0262825965881,0.000409460067749,0.513744075829,0.532701421801,0.1,"(6,)",11,"{'NN__hidden_layer_sizes': (6,), 'pca__n_components': 11, 'NN__alpha': 0.1}",148,0.478672985782,0.415876777251,0.530805687204,0.531990521327,0.521327014218,0.560426540284,0.57345971564,0.687203791469,0.464454976303,0.468009478673,0.0156132094805,9.66015594729e-05,0.038920313114,0.0921663874602
60,0.0108218193054,0.000371026992798,0.521327014218,0.521327014218,0.01,"(5, 2)",2,"{'NN__hidden_layer_sizes': (5, 2), 'pca__n_components': 2, 'NN__alpha': 0.01}",73,0.521327014218,0.521327014218,0.521327014218,0.521327014218,0.521327014218,0.521327014218,0.521327014218,0.521327014218,0.521327014218,0.521327014218,0.000480911656776,8.16403703288e-05,0.0,0.0
61,0.0123595237732,0.000346803665161,0.403791469194,0.402369668246,0.01,"(5, 2)",3,"{'NN__hidden_layer_sizes': (5, 2), 'pca__n_components': 3, 'NN__alpha': 0.01}",229,0.402843601896,0.406398104265,0.417061611374,0.395734597156,0.39336492891,0.405213270142,0.39336492891,0.406398104265,0.412322274882,0.398104265403,0.00198234506271,1.91849787819e-05,0.00966638770349,0.0045334422914
62,0.0123052120209,0.000432586669922,0.521327014218,0.521327014218,0.01,"(5, 2)",4,"{'NN__hidden_layer_sizes': (5, 2), 'pca__n_components': 4, 'NN__alpha': 0.01}",73,0.521327014218,0.521327014218,0.521327014218,0.521327014218,0.521327014218,0.521327014218,0.521327014218,0.521327014218,0.521327014218,0.521327014218,0.000394387467688,5.52897979675e-05,0.0,0.0
63,0.0148045539856,0.000327444076538,0.450236966825,0.441943127962,0.01,"(5, 2)",5,"{'NN__hidden_layer_sizes': (5, 2), 'pca__n_components': 5, 'NN__alpha': 0.01}",201,0.450236966825,0.451421800948,0.45971563981,0.489336492891,0.483412322275,0.452606635071,0.445497630332,0.413507109005,0.412322274882,0.402843601896,0.00486121459364,1.60323686691e-05,0.0230236166853,0.030942096818
64,0.0110676288605,0.000337839126587,0.41990521327,0.422037914692,0.01,"(5, 2)",6,"{'NN__hidden_layer_sizes': (5, 2), 'pca__n_components': 6, 'NN__alpha': 0.01}",217,0.383886255924,0.406398104265,0.417061611374,0.453791469194,0.450236966825,0.43009478673,0.407582938389,0.418246445498,0.440758293839,0.401658767773,0.000782401813954,4.57393476683e-05,0.0237156322335,0.0186948653302
65,0.0106304168701,0.000330972671509,0.521327014218,0.521327014218,0.01,"(5, 2)",7,"{'NN__hidden_layer_sizes': (5, 2), 'pca__n_components': 7, 'NN__alpha': 0.01}",73,0.521327014218,0.521327014218,0.521327014218,0.521327014218,0.521327014218,0.521327014218,0.521327014218,0.521327014218,0.521327014218,0.521327014218,0.000205549140211,8.75927925354e-06,0.0,0.0
66,0.0104467868805,0.000370740890503,0.521327014218,0.521327014218,0.01,"(5, 2)",8,"{'NN__hidden_layer_sizes': (5, 2), 'pca__n_components': 8, 'NN__alpha': 0.01}",73,0.521327014218,0.521327014218,0.521327014218,0.521327014218,0.521327014218,0.521327014218,0.521327014218,0.521327014218,0.521327014218,0.521327014218,0.000387126348634,6.56698430791e-05,0.0,0.0
67,0.0085629940033,0.000327920913696,0.478672985782,0.478672985782,0.01,"(5, 2)",9,"{'NN__hidden_layer_sizes': (5, 2), 'pca__n_components': 9, 'NN__alpha': 0.01}",181,0.478672985782,0.478672985782,0.478672985782,0.478672985782,0.478672985782,0.478672985782,0.478672985782,0.478672985782,0.478672985782,0.478672985782,0.000283307507666,2.47342930679e-05,0.0,0.0
68,0.00866384506226,0.000317192077637,0.521327014218,0.521327014218,0.01,"(5, 2)",10,"{'NN__hidden_layer_sizes': (5, 2), 'pca__n_components': 10, 'NN__alpha': 0.01}",73,0.521327014218,0.521327014218,0.521327014218,0.521327014218,0.521327014218,0.521327014218,0.521327014218,0.521327014218,0.521327014218,0.521327014218,0.000353237844942,9.06818413249e-06,0.0,0.0
69,0.00960922241211,0.00032901763916,0.442654028436,0.447393364929,0.01,"(5, 2)",11,"{'NN__hidden_layer_sizes': (5, 2), 'pca__n_components': 11, 'NN__alpha': 0.01}",209,0.454976303318,0.445497630332,0.431279620853,0.445497630332,0.436018957346,0.450236966825,0.464454976303,0.443127962085,0.42654028436,0.452606635071,0.00207662053004,1.48333915787e-05,0.01456141374,0.00348268683808
70,0.00877547264099,0.000281238555908,0.521327014218,0.521327014218,0.01,"(5,)",2,"{'NN__hidden_layer_sizes': (5,), 'pca__n_components': 2, 'NN__alpha': 0.01}",73,0.521327014218,0.521327014218,0.521327014218,0.521327014218,0.521327014218,0.521327014218,0.521327014218,0.521327014218,0.521327014218,0.521327014218,0.000347618049371,8.0437213455e-06,0.0,0.0
71,0.0117992401123,0.000295162200928,0.614218009479,0.607109004739,0.01,"(5,)",3,"{'NN__hidden_layer_sizes': (5,), 'pca__n_components': 3, 'NN__alpha': 0.01}",13,0.60663507109,0.60663507109,0.682464454976,0.642180094787,0.57345971564,0.61018957346,0.587677725118,0.598341232227,0.620853080569,0.578199052133,0.00427065203682,1.13793368948e-05,0.0377484507142,0.0207477953932
72,0.00896620750427,0.000294589996338,0.436966824645,0.4336492891,0.01,"(5,)",4,"{'NN__hidden_layer_sizes': (5,), 'pca__n_components': 4, 'NN__alpha': 0.01}",213,0.436018957346,0.432464454976,0.454976303318,0.479857819905,0.436018957346,0.443127962085,0.421800947867,0.411137440758,0.436018957346,0.401658767773,0.000389169968204,1.48077708535e-05,0.0105550035314,0.0274104146747
73,0.0135632514954,0.00029935836792,0.513744075829,0.53009478673,0.01,"(5,)",5,"{'NN__hidden_layer_sizes': (5,), 'pca__n_components': 5, 'NN__alpha': 0.01}",148,0.568720379147,0.563981042654,0.464454976303,0.537914691943,0.526066350711,0.505924170616,0.521327014218,0.529620853081,0.488151658768,0.513033175355,0.004968119639,1.70842176356e-05,0.0355418639986,0.0204204365145
74,0.0113965511322,0.000327444076538,0.604739336493,0.601184834123,0.01,"(5,)",6,"{'NN__hidden_layer_sizes': (5,), 'pca__n_components': 6, 'NN__alpha': 0.01}",21,0.611374407583,0.617298578199,0.644549763033,0.597156398104,0.582938388626,0.616113744076,0.582938388626,0.612559241706,0.601895734597,0.562796208531,0.00205626473191,3.09957357272e-05,0.0227488151659,0.0205027662524
75,0.0121772766113,0.00031795501709,0.561137440758,0.577725118483,0.01,"(5,)",7,"{'NN__hidden_layer_sizes': (5,), 'pca__n_components': 7, 'NN__alpha': 0.01}",48,0.549763033175,0.57345971564,0.597156398104,0.582938388626,0.57345971564,0.597156398104,0.545023696682,0.578199052133,0.54028436019,0.556872037915,0.0034668896348,1.25848880554e-05,0.0213217476383,0.013099786693
76,0.0114644527435,0.000328159332275,0.470142180095,0.472985781991,0.01,"(5,)",8,"{'NN__hidden_layer_sizes': (5,), 'pca__n_components': 8, 'NN__alpha': 0.01}",197,0.45971563981,0.456161137441,0.436018957346,0.454976303318,0.492890995261,0.46327014218,0.464454976303,0.472748815166,0.497630331754,0.517772511848,0.00238292572388,3.46213331616e-05,0.0227092863521,0.0232710591416
77,0.00863656997681,0.000311422348022,0.38009478673,0.387677725118,0.01,"(5,)",9,"{'NN__hidden_layer_sizes': (5,), 'pca__n_components': 9, 'NN__alpha': 0.01}",237,0.341232227488,0.369668246445,0.312796208531,0.381516587678,0.45971563981,0.373222748815,0.379146919431,0.405213270142,0.407582938389,0.408767772512,0.00154587234523,2.29563294654e-05,0.051254998425,0.0162698046386
78,0.00986561775208,0.000313568115234,0.40663507109,0.413507109005,0.01,"(5,)",10,"{'NN__hidden_layer_sizes': (5,), 'pca__n_components': 10, 'NN__alpha': 0.01}",225,0.440758293839,0.412322274882,0.345971563981,0.419431279621,0.454976303318,0.387440758294,0.39336492891,0.425355450237,0.398104265403,0.422985781991,0.00338597439862,7.21963581897e-06,0.0385491931899,0.0137563272736
79,0.015295791626,0.000314569473267,0.588625592417,0.58672985782,0.01,"(5,)",11,"{'NN__hidden_layer_sizes': (5,), 'pca__n_components': 11, 'NN__alpha': 0.01}",29,0.563981042654,0.586492890995,0.620853080569,0.5663507109,0.559241706161,0.590047393365,0.635071090047,0.60663507109,0.563981042654,0.584123222749,0.00435953411155,1.36383763305e-05,0.0324774250218,0.0128793158689
80,0.00878734588623,0.000288963317871,0.521327014218,0.521327014218,0.01,"(2,)",2,"{'NN__hidden_layer_sizes': (2,), 'pca__n_components': 2, 'NN__alpha': 0.01}",73,0.521327014218,0.521327014218,0.521327014218,0.521327014218,0.521327014218,0.521327014218,0.521327014218,0.521327014218,0.521327014218,0.521327014218,0.000661881948325,1.64304827943e-05,0.0,0.0
81,0.00914459228516,0.000286388397217,0.521327014218,0.521327014218,0.01,"(2,)",3,"{'NN__hidden_layer_sizes': (2,), 'pca__n_components': 3, 'NN__alpha': 0.01}",73,0.521327014218,0.521327014218,0.521327014218,0.521327014218,0.521327014218,0.521327014218,0.521327014218,0.521327014218,0.521327014218,0.521327014218,0.000398973026925,9.87110504829e-06,0.0,0.0
82,0.00971584320068,0.00030574798584,0.675829383886,0.682227488152,0.01,"(2,)",4,"{'NN__hidden_layer_sizes': (2,), 'pca__n_components': 4, 'NN__alpha': 0.01}",1,0.710900473934,0.656398104265,0.654028436019,0.667061611374,0.682464454976,0.68009478673,0.663507109005,0.706161137441,0.668246445498,0.701421800948,0.00101897266199,1.58146118524e-05,0.0197920502539,0.0191987005692
83,0.00878143310547,0.000288200378418,0.478672985782,0.478672985782,0.01,"(2,)",5,"{'NN__hidden_layer_sizes': (2,), 'pca__n_components': 5, 'NN__alpha': 0.01}",181,0.478672985782,0.478672985782,0.478672985782,0.478672985782,0.478672985782,0.478672985782,0.478672985782,0.478672985782,0.478672985782,0.478672985782,0.00034496115119,1.57835260244e-05,0.0,0.0
84,0.011036157608,0.000298404693604,0.499526066351,0.500710900474,0.01,"(2,)",6,"{'NN__hidden_layer_sizes': (2,), 'pca__n_components': 6, 'NN__alpha': 0.01}",165,0.497630331754,0.501184834123,0.502369668246,0.49644549763,0.478672985782,0.505924170616,0.521327014218,0.502369668246,0.497630331754,0.497630331754,0.00237414995851,1.09865185271e-05,0.0136044550658,0.00340111376645
85,0.00882844924927,0.000287532806396,0.521327014218,0.521327014218,0.01,"(2,)",7,"{'NN__hidden_layer_sizes': (2,), 'pca__n_components': 7, 'NN__alpha': 0.01}",73,0.521327014218,0.521327014218,0.521327014218,0.521327014218,0.521327014218,0.521327014218,0.521327014218,0.521327014218,0.521327014218,0.521327014218,0.000341459669675,7.58306023447e-06,0.0,0.0
86,0.00892763137817,0.000304222106934,0.521327014218,0.521327014218,0.01,"(2,)",8,"{'NN__hidden_layer_sizes': (2,), 'pca__n_components': 8, 'NN__alpha': 0.01}",73,0.521327014218,0.521327014218,0.521327014218,0.521327014218,0.521327014218,0.521327014218,0.521327014218,0.521327014218,0.521327014218,0.521327014218,0.000367640811954,1.68971336106e-05,0.0,0.0
87,0.00969924926758,0.000293779373169,0.60663507109,0.61990521327,0.01,"(2,)",9,"{'NN__hidden_layer_sizes': (2,), 'pca__n_components': 9, 'NN__alpha': 0.01}",17,0.597156398104,0.598341232227,0.611374407583,0.614928909953,0.644549763033,0.622037914692,0.578199052133,0.63981042654,0.601895734597,0.624407582938,0.00257480091505,1.19451277217e-05,0.0218215439492,0.0134967117212
88,0.00699911117554,0.000297212600708,0.478672985782,0.478672985782,0.01,"(2,)",10,"{'NN__hidden_layer_sizes': (2,), 'pca__n_components': 10, 'NN__alpha': 0.01}",181,0.478672985782,0.478672985782,0.478672985782,0.478672985782,0.478672985782,0.478672985782,0.478672985782,0.478672985782,0.478672985782,0.478672985782,0.000298593875049,1.35991416148e-05,0.0,0.0
89,0.00699758529663,0.000294065475464,0.521327014218,0.521563981043,0.01,"(2,)",11,"{'NN__hidden_layer_sizes': (2,), 'pca__n_components': 11, 'NN__alpha': 0.01}",73,0.521327014218,0.521327014218,0.521327014218,0.521327014218,0.521327014218,0.522511848341,0.521327014218,0.521327014218,0.521327014218,0.521327014218,0.000209170259832,9.78922413945e-06,0.0,0.000473933649289
90,0.0154628276825,0.000332498550415,0.544075829384,0.54336492891,0.01,"(10, 5)",2,"{'NN__hidden_layer_sizes': (10, 5), 'pca__n_components': 2, 'NN__alpha': 0.01}",61,0.521327014218,0.527251184834,0.526066350711,0.515402843602,0.530805687204,0.522511848341,0.620853080569,0.625592417062,0.521327014218,0.526066350711,0.00727015974457,1.97842029743e-05,0.0385491931899,0.0413206547566
91,0.0109903812408,0.000357007980347,0.521327014218,0.521327014218,0.01,"(10, 5)",3,"{'NN__hidden_layer_sizes': (10, 5), 'pca__n_components': 3, 'NN__alpha': 0.01}",73,0.521327014218,0.521327014218,0.521327014218,0.521327014218,0.521327014218,0.521327014218,0.521327014218,0.521327014218,0.521327014218,0.521327014218,0.000344640830873,1.50227166417e-05,0.0,0.0
92,0.0108327865601,0.000335597991943,0.521327014218,0.521327014218,0.01,"(10, 5)",4,"{'NN__hidden_layer_sizes': (10, 5), 'pca__n_components': 4, 'NN__alpha': 0.01}",73,0.521327014218,0.521327014218,0.521327014218,0.521327014218,0.521327014218,0.521327014218,0.521327014218,0.521327014218,0.521327014218,0.521327014218,0.000351650771055,3.38771240198e-05,0.0,0.0
93,0.0135227203369,0.000413179397583,0.521327014218,0.521327014218,0.01,"(10, 5)",5,"{'NN__hidden_layer_sizes': (10, 5), 'pca__n_components': 5, 'NN__alpha': 0.01}",73,0.521327014218,0.521327014218,0.521327014218,0.521327014218,0.521327014218,0.521327014218,0.521327014218,0.521327014218,0.521327014218,0.521327014218,0.00320291835282,9.39179173724e-05,0.0,0.0
94,0.0180073738098,0.00034384727478,0.568720379147,0.577725118483,0.01,"(10, 5)",6,"{'NN__hidden_layer_sizes': (10, 5), 'pca__n_components': 6, 'NN__alpha': 0.01}",37,0.549763033175,0.559241706161,0.549763033175,0.542654028436,0.554502369668,0.559241706161,0.597156398104,0.611374407583,0.592417061611,0.616113744076,0.00362955668784,1.4816827548e-05,0.021405857423,0.0300639839377
95,0.0169387817383,0.00033860206604,0.628436018957,0.642890995261,0.01,"(10, 5)",7,"{'NN__hidden_layer_sizes': (10, 5), 'pca__n_components': 7, 'NN__alpha': 0.01}",9,0.630331753555,0.64336492891,0.625592417062,0.611374407583,0.625592417062,0.64336492891,0.630331753555,0.650473933649,0.630331753555,0.665876777251,0.00529760385065,8.44876864807e-06,0.00232179122539,0.017774091557
96,0.0112784862518,0.000348567962646,0.521327014218,0.521327014218,0.01,"(10, 5)",8,"{'NN__hidden_layer_sizes': (10, 5), 'pca__n_components': 8, 'NN__alpha': 0.01}",73,0.521327014218,0.521327014218,0.521327014218,0.521327014218,0.521327014218,0.521327014218,0.521327014218,0.521327014218,0.521327014218,0.521327014218,0.000282374115844,1.90042191651e-05,0.0,0.0
97,0.00932445526123,0.000342559814453,0.521327014218,0.521090047393,0.01,"(10, 5)",9,"{'NN__hidden_layer_sizes': (10, 5), 'pca__n_components': 9, 'NN__alpha': 0.01}",73,0.521327014218,0.521327014218,0.521327014218,0.521327014218,0.521327014218,0.521327014218,0.521327014218,0.521327014218,0.521327014218,0.520142180095,0.000170716799595,1.69256370231e-05,0.0,0.000473933649289
98,0.00939164161682,0.00033278465271,0.521327014218,0.521327014218,0.01,"(10, 5)",10,"{'NN__hidden_layer_sizes': (10, 5), 'pca__n_components': 10, 'NN__alpha': 0.01}",73,0.521327014218,0.521327014218,0.521327014218,0.521327014218,0.521327014218,0.521327014218,0.521327014218,0.521327014218,0.521327014218,0.521327014218,0.000352409133381,8.78131586323e-06,0.0,0.0
99,0.0148138046265,0.0003662109375,0.510900473934,0.524644549763,0.01,"(10, 5)",11,"{'NN__hidden_layer_sizes': (10, 5), 'pca__n_components': 11, 'NN__alpha': 0.01}",161,0.521327014218,0.497630331754,0.469194312796,0.49644549763,0.497630331754,0.507109004739,0.554502369668,0.548578199052,0.511848341232,0.57345971564,0.00379490646277,2.26635639921e-05,0.028022266349,0.0309457261766
100,0.0101463794708,0.000290012359619,0.497630331754,0.495971563981,0.01,"(10,)",2,"{'NN__hidden_layer_sizes': (10,), 'pca__n_components': 2, 'NN__alpha': 0.01}",169,0.478672985782,0.502369668246,0.502369668246,0.492890995261,0.507109004739,0.494075829384,0.521327014218,0.490521327014,0.478672985782,0.5,0.00143945771072,7.90831228312e-06,0.0166889259352,0.00447108110524
101,0.0152334213257,0.00030517578125,0.660663507109,0.668483412322,0.01,"(10,)",3,"{'NN__hidden_layer_sizes': (10,), 'pca__n_components': 3, 'NN__alpha': 0.01}",5,0.616113744076,0.648104265403,0.715639810427,0.678909952607,0.720379146919,0.691943127962,0.663507109005,0.704976303318,0.587677725118,0.618483412322,0.00386897111979,1.43922693947e-05,0.0527409582682,0.0313244687826
102,0.0155363559723,0.000310611724854,0.599052132701,0.595971563981,0.01,"(10,)",4,"{'NN__hidden_layer_sizes': (10,), 'pca__n_components': 4, 'NN__alpha': 0.01}",25,0.625592417062,0.597156398104,0.587677725118,0.565165876777,0.60663507109,0.565165876777,0.578199052133,0.633886255924,0.597156398104,0.618483412322,0.00446667003719,1.17522706492e-05,0.0163077256247,0.0277261311437
103,0.0124176025391,0.000306177139282,0.512796208531,0.504028436019,0.01,"(10,)",5,"{'NN__hidden_layer_sizes': (10,), 'pca__n_components': 5, 'NN__alpha': 0.01}",153,0.469194312796,0.501184834123,0.545023696682,0.537914691943,0.592417061611,0.53672985782,0.483412322275,0.481042654028,0.473933649289,0.46327014218,0.00436654274304,1.10348401958e-05,0.0482761386853,0.0297164334686
104,0.00978875160217,0.000305366516113,0.471090047393,0.46990521327,0.01,"(10,)",6,"{'NN__hidden_layer_sizes': (10,), 'pca__n_components': 6, 'NN__alpha': 0.01}",193,0.440758293839,0.471563981043,0.431279620853,0.451421800948,0.445497630332,0.45971563981,0.507109004739,0.468009478673,0.530805687204,0.498815165877,0.000568624062592,1.37295983878e-05,0.0400579082637,0.0160473961643
105,0.012023973465,0.000336647033691,0.545023696682,0.547393364929,0.01,"(10,)",7,"{'NN__hidden_layer_sizes': (10,), 'pca__n_components': 7, 'NN__alpha': 0.01}",53,0.526066350711,0.559241706161,0.578199052133,0.528436018957,0.54028436019,0.539099526066,0.516587677725,0.549763033175,0.563981042654,0.560426540284,0.00154175230025,4.59926680543e-05,0.0230236166853,0.0121986139111
106,0.0182908535004,0.000361347198486,0.578199052133,0.574407582938,0.01,"(10,)",8,"{'NN__hidden_layer_sizes': (10,), 'pca__n_components': 8, 'NN__alpha': 0.01}",33,0.568720379147,0.587677725118,0.701421800948,0.60663507109,0.521327014218,0.585308056872,0.549763033175,0.528436018957,0.549763033175,0.563981042654,0.00461847807335,4.91569388879e-05,0.0634434143343,0.026666928714
107,0.0239969730377,0.000334978103638,0.568720379147,0.588151658768,0.01,"(10,)",9,"{'NN__hidden_layer_sizes': (10,), 'pca__n_components': 9, 'NN__alpha': 0.01}",37,0.568720379147,0.537914691943,0.672985781991,0.668246445498,0.436018957346,0.483412322275,0.483412322275,0.549763033175,0.682464454976,0.701421800948,0.0144535502597,2.42222012235e-05,0.0986875077522,0.0827200918645
108,0.00778303146362,0.000324773788452,0.522274881517,0.521800947867,0.01,"(10,)",10,"{'NN__hidden_layer_sizes': (10,), 'pca__n_components': 10, 'NN__alpha': 0.01}",69,0.516587677725,0.522511848341,0.521327014218,0.522511848341,0.521327014218,0.521327014218,0.526066350711,0.521327014218,0.526066350711,0.521327014218,0.000271358244315,2.12513220556e-05,0.00354659467941,0.000580447806347
109,0.0126111984253,0.000333833694458,0.514691943128,0.512085308057,0.01,"(10,)",11,"{'NN__hidden_layer_sizes': (10,), 'pca__n_components': 11, 'NN__alpha': 0.01}",145,0.507109004739,0.522511848341,0.630331753555,0.593601895735,0.492890995261,0.511848341232,0.473933649289,0.484597156398,0.469194312796,0.447867298578,0.00572814507947,1.26081732003e-05,0.0593912803709,0.0482354106134
110,0.0151649951935,0.000295448303223,0.449289099526,0.461848341232,0.01,"(6,)",2,"{'NN__hidden_layer_sizes': (6,), 'pca__n_components': 2, 'NN__alpha': 0.01}",205,0.398104265403,0.445497630332,0.473933649289,0.449052132701,0.454976303318,0.451421800948,0.398104265403,0.464454976303,0.521327014218,0.498815165877,0.0045545777966,1.35721961901e-05,0.0470508953402,0.0195608901265
111,0.0105654716492,0.000308275222778,0.408530805687,0.412796208531,0.01,"(6,)",3,"{'NN__hidden_layer_sizes': (6,), 'pca__n_components': 3, 'NN__alpha': 0.01}",221,0.431279620853,0.400473933649,0.341232227488,0.417061611374,0.398104265403,0.411137440758,0.464454976303,0.407582938389,0.407582938389,0.427725118483,0.00244825841125,1.08923635565e-05,0.0407031479689,0.00919602270708
112,0.0155983924866,0.000301837921143,0.490047393365,0.501658767773,0.01,"(6,)",4,"{'NN__hidden_layer_sizes': (6,), 'pca__n_components': 4, 'NN__alpha': 0.01}",177,0.492890995261,0.494075829384,0.42654028436,0.478672985782,0.483412322275,0.494075829384,0.578199052133,0.511848341232,0.469194312796,0.529620853081,0.00508736122177,1.63472407687e-05,0.0495798931967,0.0174874452393
113,0.0158391952515,0.000294399261475,0.545023696682,0.549763033175,0.01,"(6,)",5,"{'NN__hidden_layer_sizes': (6,), 'pca__n_components': 5, 'NN__alpha': 0.01}",53,0.530805687204,0.53672985782,0.563981042654,0.563981042654,0.578199052133,0.60308056872,0.530805687204,0.520142180095,0.521327014218,0.524881516588,0.00693430409007,9.35184530039e-06,0.0220264455708,0.0306961230611
114,0.0114329814911,0.000306224822998,0.534597156398,0.525829383886,0.01,"(6,)",6,"{'NN__hidden_layer_sizes': (6,), 'pca__n_components': 6, 'NN__alpha': 0.01}",66,0.526066350711,0.535545023697,0.545023696682,0.518957345972,0.521327014218,0.527251184834,0.554502369668,0.530805687204,0.526066350711,0.516587677725,0.00229085460923,1.61207635081e-05,0.0128574975983,0.00712478501345
115,0.00928859710693,0.00031623840332,0.517535545024,0.516113744076,0.01,"(6,)",7,"{'NN__hidden_layer_sizes': (6,), 'pca__n_components': 7, 'NN__alpha': 0.01}",141,0.497630331754,0.527251184834,0.568720379147,0.524881516588,0.488151658768,0.515402843602,0.526066350711,0.514218009479,0.507109004739,0.498815165877,0.000343019444212,3.08243413554e-05,0.0284991400538,0.0100424739812
116,0.0098183631897,0.000320863723755,0.493838862559,0.51018957346,0.01,"(6,)",8,"{'NN__hidden_layer_sizes': (6,), 'pca__n_components': 8, 'NN__alpha': 0.01}",173,0.488151658768,0.522511848341,0.597156398104,0.549763033175,0.469194312796,0.526066350711,0.445497630332,0.495260663507,0.469194312796,0.457345971564,0.00111629103748,3.02329048036e-05,0.0534011981839,0.0315762183983
117,0.0190863609314,0.000317049026489,0.565876777251,0.569668246445,0.01,"(6,)",9,"{'NN__hidden_layer_sizes': (6,), 'pca__n_components': 9, 'NN__alpha': 0.01}",45,0.549763033175,0.549763033175,0.682464454976,0.623222748815,0.502369668246,0.529620853081,0.535545023697,0.516587677725,0.559241706161,0.629146919431,0.0110348017745,1.0011763635e-05,0.0613995629979,0.0473779595815
118,0.00820283889771,0.000334405899048,0.388625592417,0.380331753555,0.01,"(6,)",10,"{'NN__hidden_layer_sizes': (6,), 'pca__n_components': 10, 'NN__alpha': 0.01}",233,0.379146919431,0.388625592417,0.350710900474,0.414691943128,0.412322274882,0.385071090047,0.412322274882,0.359004739336,0.388625592417,0.354265402844,0.00139851082626,5.29423688018e-05,0.0230236166853,0.0219370366086
119,0.0244638442993,0.00032000541687,0.511848341232,0.532464454976,0.01,"(6,)",11,"{'NN__hidden_layer_sizes': (6,), 'pca__n_components': 11, 'NN__alpha': 0.01}",158,0.478672985782,0.415876777251,0.526066350711,0.53317535545,0.516587677725,0.559241706161,0.57345971564,0.686018957346,0.464454976303,0.468009478673,0.0140404104512,1.32414854182e-05,0.0383856999646,0.0916991192172
120,0.00998163223267,0.000298547744751,0.521327014218,0.521327014218,0.001,"(5, 2)",2,"{'NN__hidden_layer_sizes': (5, 2), 'pca__n_components': 2, 'NN__alpha': 0.001}",73,0.521327014218,0.521327014218,0.521327014218,0.521327014218,0.521327014218,0.521327014218,0.521327014218,0.521327014218,0.521327014218,0.521327014218,0.000277780871587,1.00140344426e-05,0.0,0.0
121,0.0112244606018,0.000315952301025,0.403791469194,0.402369668246,0.001,"(5, 2)",3,"{'NN__hidden_layer_sizes': (5, 2), 'pca__n_components': 3, 'NN__alpha': 0.001}",229,0.402843601896,0.406398104265,0.417061611374,0.395734597156,0.39336492891,0.405213270142,0.39336492891,0.406398104265,0.412322274882,0.398104265403,0.0019776576646,2.19963073929e-05,0.00966638770349,0.0045334422914
122,0.0101584434509,0.000296783447266,0.521327014218,0.521327014218,0.001,"(5, 2)",4,"{'NN__hidden_layer_sizes': (5, 2), 'pca__n_components': 4, 'NN__alpha': 0.001}",73,0.521327014218,0.521327014218,0.521327014218,0.521327014218,0.521327014218,0.521327014218,0.521327014218,0.521327014218,0.521327014218,0.521327014218,0.000450595436631,6.1443571731e-06,0.0,0.0
123,0.0145525932312,0.00033597946167,0.450236966825,0.441943127962,0.001,"(5, 2)",5,"{'NN__hidden_layer_sizes': (5, 2), 'pca__n_components': 5, 'NN__alpha': 0.001}",201,0.450236966825,0.451421800948,0.45971563981,0.489336492891,0.483412322275,0.452606635071,0.445497630332,0.413507109005,0.412322274882,0.402843601896,0.00440156539199,4.38836322161e-05,0.0230236166853,0.030942096818
124,0.0111772537231,0.000331592559814,0.41990521327,0.422037914692,0.001,"(5, 2)",6,"{'NN__hidden_layer_sizes': (5, 2), 'pca__n_components': 6, 'NN__alpha': 0.001}",217,0.383886255924,0.406398104265,0.417061611374,0.453791469194,0.450236966825,0.43009478673,0.407582938389,0.418246445498,0.440758293839,0.401658767773,0.000752433101621,1.9791556928e-05,0.0237156322335,0.0186948653302
125,0.0105730056763,0.000342512130737,0.521327014218,0.521327014218,0.001,"(5, 2)",7,"{'NN__hidden_layer_sizes': (5, 2), 'pca__n_components': 7, 'NN__alpha': 0.001}",73,0.521327014218,0.521327014218,0.521327014218,0.521327014218,0.521327014218,0.521327014218,0.521327014218,0.521327014218,0.521327014218,0.521327014218,0.000359239589513,4.28935101385e-05,0.0,0.0
126,0.0105523109436,0.000326442718506,0.521327014218,0.521327014218,0.001,"(5, 2)",8,"{'NN__hidden_layer_sizes': (5, 2), 'pca__n_components': 8, 'NN__alpha': 0.001}",73,0.521327014218,0.521327014218,0.521327014218,0.521327014218,0.521327014218,0.521327014218,0.521327014218,0.521327014218,0.521327014218,0.521327014218,0.0002088289049,1.30582010308e-05,0.0,0.0
127,0.00878877639771,0.000324821472168,0.478672985782,0.478672985782,0.001,"(5, 2)",9,"{'NN__hidden_layer_sizes': (5, 2), 'pca__n_components': 9, 'NN__alpha': 0.001}",181,0.478672985782,0.478672985782,0.478672985782,0.478672985782,0.478672985782,0.478672985782,0.478672985782,0.478672985782,0.478672985782,0.478672985782,0.000371167893761,2.05729677463e-05,0.0,0.0
128,0.008571434021,0.000319385528564,0.521327014218,0.521327014218,0.001,"(5, 2)",10,"{'NN__hidden_layer_sizes': (5, 2), 'pca__n_components': 10, 'NN__alpha': 0.001}",73,0.521327014218,0.521327014218,0.521327014218,0.521327014218,0.521327014218,0.521327014218,0.521327014218,0.521327014218,0.521327014218,0.521327014218,0.000191492269634,1.38624361329e-05,0.0,0.0
129,0.00970373153687,0.000325202941895,0.442654028436,0.447393364929,0.001,"(5, 2)",11,"{'NN__hidden_layer_sizes': (5, 2), 'pca__n_components': 11, 'NN__alpha': 0.001}",209,0.454976303318,0.445497630332,0.431279620853,0.445497630332,0.436018957346,0.450236966825,0.464454976303,0.443127962085,0.42654028436,0.452606635071,0.00210768599537,1.86253595032e-05,0.01456141374,0.00348268683808
130,0.00890402793884,0.000286817550659,0.521327014218,0.521327014218,0.001,"(5,)",2,"{'NN__hidden_layer_sizes': (5,), 'pca__n_components': 2, 'NN__alpha': 0.001}",73,0.521327014218,0.521327014218,0.521327014218,0.521327014218,0.521327014218,0.521327014218,0.521327014218,0.521327014218,0.521327014218,0.521327014218,0.000347637684614,1.03254789921e-05,0.0,0.0
131,0.0117953300476,0.000294494628906,0.614218009479,0.607109004739,0.001,"(5,)",3,"{'NN__hidden_layer_sizes': (5,), 'pca__n_components': 3, 'NN__alpha': 0.001}",13,0.60663507109,0.60663507109,0.682464454976,0.642180094787,0.57345971564,0.61018957346,0.587677725118,0.598341232227,0.620853080569,0.578199052133,0.00453917706489,1.18034294123e-05,0.0377484507142,0.0207477953932
132,0.00928840637207,0.000294351577759,0.436966824645,0.4336492891,0.001,"(5,)",4,"{'NN__hidden_layer_sizes': (5,), 'pca__n_components': 4, 'NN__alpha': 0.001}",213,0.436018957346,0.432464454976,0.454976303318,0.479857819905,0.436018957346,0.443127962085,0.421800947867,0.411137440758,0.436018957346,0.401658767773,0.000447364535503,8.95844922319e-06,0.0105550035314,0.0274104146747
133,0.0142030239105,0.000384950637817,0.513744075829,0.53009478673,0.001,"(5,)",5,"{'NN__hidden_layer_sizes': (5,), 'pca__n_components': 5, 'NN__alpha': 0.001}",148,0.568720379147,0.563981042654,0.464454976303,0.537914691943,0.526066350711,0.505924170616,0.521327014218,0.529620853081,0.488151658768,0.513033175355,0.00514406121226,9.43630014645e-05,0.0355418639986,0.0204204365145
134,0.0117177963257,0.000335597991943,0.604739336493,0.601184834123,0.001,"(5,)",6,"{'NN__hidden_layer_sizes': (5,), 'pca__n_components': 6, 'NN__alpha': 0.001}",21,0.611374407583,0.617298578199,0.644549763033,0.597156398104,0.582938388626,0.616113744076,0.582938388626,0.612559241706,0.601895734597,0.562796208531,0.0018572274826,4.65939935284e-05,0.0227488151659,0.0205027662524
135,0.011981344223,0.000326061248779,0.561137440758,0.577725118483,0.001,"(5,)",7,"{'NN__hidden_layer_sizes': (5,), 'pca__n_components': 7, 'NN__alpha': 0.001}",48,0.549763033175,0.57345971564,0.597156398104,0.582938388626,0.57345971564,0.597156398104,0.545023696682,0.578199052133,0.54028436019,0.556872037915,0.00380998477907,4.08681992845e-05,0.0213217476383,0.013099786693
136,0.0112390518188,0.000320196151733,0.470142180095,0.472985781991,0.001,"(5,)",8,"{'NN__hidden_layer_sizes': (5,), 'pca__n_components': 8, 'NN__alpha': 0.001}",197,0.45971563981,0.456161137441,0.436018957346,0.454976303318,0.492890995261,0.46327014218,0.464454976303,0.472748815166,0.497630331754,0.517772511848,0.00218861763158,2.41526375727e-05,0.0227092863521,0.0232710591416
137,0.00858535766602,0.000305223464966,0.38009478673,0.387677725118,0.001,"(5,)",9,"{'NN__hidden_layer_sizes': (5,), 'pca__n_components': 9, 'NN__alpha': 0.001}",237,0.341232227488,0.369668246445,0.312796208531,0.381516587678,0.45971563981,0.373222748815,0.379146919431,0.405213270142,0.407582938389,0.408767772512,0.00163597521005,1.61797530106e-05,0.051254998425,0.0162698046386
138,0.00970997810364,0.000317430496216,0.40663507109,0.413507109005,0.001,"(5,)",10,"{'NN__hidden_layer_sizes': (5,), 'pca__n_components': 10, 'NN__alpha': 0.001}",225,0.440758293839,0.412322274882,0.345971563981,0.419431279621,0.454976303318,0.387440758294,0.39336492891,0.425355450237,0.398104265403,0.422985781991,0.00332992023742,1.81909469873e-05,0.0385491931899,0.0137563272736
139,0.0153730392456,0.000312185287476,0.588625592417,0.58672985782,0.001,"(5,)",11,"{'NN__hidden_layer_sizes': (5,), 'pca__n_components': 11, 'NN__alpha': 0.001}",29,0.563981042654,0.586492890995,0.620853080569,0.5663507109,0.559241706161,0.590047393365,0.635071090047,0.60663507109,0.563981042654,0.584123222749,0.00427115320943,5.91854614232e-06,0.0324774250218,0.0128793158689
140,0.00875639915466,0.000280427932739,0.521327014218,0.521327014218,0.001,"(2,)",2,"{'NN__hidden_layer_sizes': (2,), 'pca__n_components': 2, 'NN__alpha': 0.001}",73,0.521327014218,0.521327014218,0.521327014218,0.521327014218,0.521327014218,0.521327014218,0.521327014218,0.521327014218,0.521327014218,0.521327014218,0.000438539152476,1.46470528683e-05,0.0,0.0
141,0.00862398147583,0.00029296875,0.521327014218,0.521327014218,0.001,"(2,)",3,"{'NN__hidden_layer_sizes': (2,), 'pca__n_components': 3, 'NN__alpha': 0.001}",73,0.521327014218,0.521327014218,0.521327014218,0.521327014218,0.521327014218,0.521327014218,0.521327014218,0.521327014218,0.521327014218,0.521327014218,0.000315222348898,2.26758004179e-05,0.0,0.0
142,0.00922060012817,0.000313949584961,0.675829383886,0.682227488152,0.001,"(2,)",4,"{'NN__hidden_layer_sizes': (2,), 'pca__n_components': 4, 'NN__alpha': 0.001}",1,0.710900473934,0.656398104265,0.654028436019,0.667061611374,0.682464454976,0.68009478673,0.663507109005,0.706161137441,0.668246445498,0.701421800948,0.00127706936854,5.79898291084e-05,0.0197920502539,0.0191987005692
143,0.00870132446289,0.000283670425415,0.478672985782,0.478672985782,0.001,"(2,)",5,"{'NN__hidden_layer_sizes': (2,), 'pca__n_components': 5, 'NN__alpha': 0.001}",181,0.478672985782,0.478672985782,0.478672985782,0.478672985782,0.478672985782,0.478672985782,0.478672985782,0.478672985782,0.478672985782,0.478672985782,0.000311634771472,1.42121472988e-05,0.0,0.0
144,0.0109330177307,0.000300598144531,0.499526066351,0.500710900474,0.001,"(2,)",6,"{'NN__hidden_layer_sizes': (2,), 'pca__n_components': 6, 'NN__alpha': 0.001}",165,0.497630331754,0.501184834123,0.502369668246,0.49644549763,0.478672985782,0.505924170616,0.521327014218,0.502369668246,0.497630331754,0.497630331754,0.00237697225127,1.06275867223e-05,0.0136044550658,0.00340111376645
145,0.00880355834961,0.000293445587158,0.521327014218,0.521327014218,0.001,"(2,)",7,"{'NN__hidden_layer_sizes': (2,), 'pca__n_components': 7, 'NN__alpha': 0.001}",73,0.521327014218,0.521327014218,0.521327014218,0.521327014218,0.521327014218,0.521327014218,0.521327014218,0.521327014218,0.521327014218,0.521327014218,0.000315054122894,1.83395811202e-05,0.0,0.0
146,0.00928745269775,0.000317621231079,0.521327014218,0.521327014218,0.001,"(2,)",8,"{'NN__hidden_layer_sizes': (2,), 'pca__n_components': 8, 'NN__alpha': 0.001}",73,0.521327014218,0.521327014218,0.521327014218,0.521327014218,0.521327014218,0.521327014218,0.521327014218,0.521327014218,0.521327014218,0.521327014218,0.000666651731755,4.78283120283e-05,0.0,0.0
147,0.00977640151978,0.000300407409668,0.60663507109,0.61990521327,0.001,"(2,)",9,"{'NN__hidden_layer_sizes': (2,), 'pca__n_components': 9, 'NN__alpha': 0.001}",17,0.597156398104,0.598341232227,0.611374407583,0.614928909953,0.644549763033,0.622037914692,0.578199052133,0.63981042654,0.601895734597,0.624407582938,0.00273136962436,2.20337983972e-05,0.0218215439492,0.0134967117212
148,0.00700197219849,0.000304222106934,0.478672985782,0.478672985782,0.001,"(2,)",10,"{'NN__hidden_layer_sizes': (2,), 'pca__n_components': 10, 'NN__alpha': 0.001}",181,0.478672985782,0.478672985782,0.478672985782,0.478672985782,0.478672985782,0.478672985782,0.478672985782,0.478672985782,0.478672985782,0.478672985782,0.000253980838699,1.24279900921e-05,0.0,0.0
149,0.00704817771912,0.000304841995239,0.521327014218,0.521563981043,0.001,"(2,)",11,"{'NN__hidden_layer_sizes': (2,), 'pca__n_components': 11, 'NN__alpha': 0.001}",73,0.521327014218,0.521327014218,0.521327014218,0.521327014218,0.521327014218,0.522511848341,0.521327014218,0.521327014218,0.521327014218,0.521327014218,0.000221685918034,2.23791621816e-05,0.0,0.000473933649289
150,0.0155391693115,0.000343799591064,0.544075829384,0.54336492891,0.001,"(10, 5)",2,"{'NN__hidden_layer_sizes': (10, 5), 'pca__n_components': 2, 'NN__alpha': 0.001}",61,0.521327014218,0.527251184834,0.526066350711,0.515402843602,0.530805687204,0.522511848341,0.620853080569,0.625592417062,0.521327014218,0.526066350711,0.007241701951,3.94526200982e-05,0.0385491931899,0.0413206547566
151,0.0107650279999,0.000336647033691,0.521327014218,0.521327014218,0.001,"(10, 5)",3,"{'NN__hidden_layer_sizes': (10, 5), 'pca__n_components': 3, 'NN__alpha': 0.001}",73,0.521327014218,0.521327014218,0.521327014218,0.521327014218,0.521327014218,0.521327014218,0.521327014218,0.521327014218,0.521327014218,0.521327014218,0.000255680973517,2.24604980734e-05,0.0,0.0
152,0.0106954574585,0.000329351425171,0.521327014218,0.521327014218,0.001,"(10, 5)",4,"{'NN__hidden_layer_sizes': (10, 5), 'pca__n_components': 4, 'NN__alpha': 0.001}",73,0.521327014218,0.521327014218,0.521327014218,0.521327014218,0.521327014218,0.521327014218,0.521327014218,0.521327014218,0.521327014218,0.521327014218,0.000214349308304,2.0536463562e-05,0.0,0.0
153,0.0108841896057,0.000340986251831,0.521327014218,0.521327014218,0.001,"(10, 5)",5,"{'NN__hidden_layer_sizes': (10, 5), 'pca__n_components': 5, 'NN__alpha': 0.001}",73,0.521327014218,0.521327014218,0.521327014218,0.521327014218,0.521327014218,0.521327014218,0.521327014218,0.521327014218,0.521327014218,0.521327014218,0.000202507615614,2.17080869103e-05,0.0,0.0
154,0.0212080001831,0.000427627563477,0.568720379147,0.577725118483,0.001,"(10, 5)",6,"{'NN__hidden_layer_sizes': (10, 5), 'pca__n_components': 6, 'NN__alpha': 0.001}",37,0.549763033175,0.559241706161,0.549763033175,0.542654028436,0.554502369668,0.559241706161,0.597156398104,0.611374407583,0.592417061611,0.616113744076,0.00739863891113,0.000101986606475,0.021405857423,0.0300639839377
155,0.0178294658661,0.000342988967896,0.628436018957,0.642890995261,0.001,"(10, 5)",7,"{'NN__hidden_layer_sizes': (10, 5), 'pca__n_components': 7, 'NN__alpha': 0.001}",9,0.630331753555,0.64336492891,0.625592417062,0.611374407583,0.625592417062,0.64336492891,0.630331753555,0.650473933649,0.630331753555,0.665876777251,0.00608276057026,1.14108636386e-05,0.00232179122539,0.017774091557
156,0.0113008022308,0.000375652313232,0.521327014218,0.521327014218,0.001,"(10, 5)",8,"{'NN__hidden_layer_sizes': (10, 5), 'pca__n_components': 8, 'NN__alpha': 0.001}",73,0.521327014218,0.521327014218,0.521327014218,0.521327014218,0.521327014218,0.521327014218,0.521327014218,0.521327014218,0.521327014218,0.521327014218,0.000104311111952,4.02167975845e-05,0.0,0.0
157,0.00935382843018,0.000332307815552,0.521327014218,0.521090047393,0.001,"(10, 5)",9,"{'NN__hidden_layer_sizes': (10, 5), 'pca__n_components': 9, 'NN__alpha': 0.001}",73,0.521327014218,0.521327014218,0.521327014218,0.521327014218,0.521327014218,0.521327014218,0.521327014218,0.521327014218,0.521327014218,0.520142180095,0.00030336151404,5.78606083379e-06,0.0,0.000473933649289
158,0.00942177772522,0.000349092483521,0.521327014218,0.521327014218,0.001,"(10, 5)",10,"{'NN__hidden_layer_sizes': (10, 5), 'pca__n_components': 10, 'NN__alpha': 0.001}",73,0.521327014218,0.521327014218,0.521327014218,0.521327014218,0.521327014218,0.521327014218,0.521327014218,0.521327014218,0.521327014218,0.521327014218,0.000323000438396,2.08653174267e-05,0.0,0.0
159,0.0148626327515,0.00036301612854,0.510900473934,0.524644549763,0.001,"(10, 5)",11,"{'NN__hidden_layer_sizes': (10, 5), 'pca__n_components': 11, 'NN__alpha': 0.001}",161,0.521327014218,0.497630331754,0.469194312796,0.49644549763,0.497630331754,0.507109004739,0.554502369668,0.548578199052,0.511848341232,0.57345971564,0.00390316426296,2.3353145462e-05,0.028022266349,0.0309457261766
160,0.0104559421539,0.000298452377319,0.497630331754,0.495971563981,0.001,"(10,)",2,"{'NN__hidden_layer_sizes': (10,), 'pca__n_components': 2, 'NN__alpha': 0.001}",169,0.478672985782,0.502369668246,0.502369668246,0.492890995261,0.507109004739,0.494075829384,0.521327014218,0.490521327014,0.478672985782,0.5,0.00136158155379,1.13497260798e-05,0.0166889259352,0.00447108110524
161,0.0153913497925,0.000308036804199,0.660663507109,0.668483412322,0.001,"(10,)",3,"{'NN__hidden_layer_sizes': (10,), 'pca__n_components': 3, 'NN__alpha': 0.001}",5,0.616113744076,0.648104265403,0.715639810427,0.678909952607,0.720379146919,0.691943127962,0.663507109005,0.704976303318,0.587677725118,0.618483412322,0.00382026494636,1.25870559325e-05,0.0527409582682,0.0313244687826
162,0.015184879303,0.000312519073486,0.599052132701,0.595971563981,0.001,"(10,)",4,"{'NN__hidden_layer_sizes': (10,), 'pca__n_components': 4, 'NN__alpha': 0.001}",25,0.625592417062,0.597156398104,0.587677725118,0.565165876777,0.60663507109,0.565165876777,0.578199052133,0.633886255924,0.597156398104,0.618483412322,0.00435864458856,1.54633519019e-05,0.0163077256247,0.0277261311437
163,0.0119597911835,0.000307178497314,0.512796208531,0.504028436019,0.001,"(10,)",5,"{'NN__hidden_layer_sizes': (10,), 'pca__n_components': 5, 'NN__alpha': 0.001}",153,0.469194312796,0.501184834123,0.545023696682,0.537914691943,0.592417061611,0.53672985782,0.483412322275,0.481042654028,0.473933649289,0.46327014218,0.00421463976384,1.49217272933e-05,0.0482761386853,0.0297164334686
164,0.00989708900452,0.000314140319824,0.471090047393,0.46990521327,0.001,"(10,)",6,"{'NN__hidden_layer_sizes': (10,), 'pca__n_components': 6, 'NN__alpha': 0.001}",193,0.440758293839,0.471563981043,0.431279620853,0.451421800948,0.445497630332,0.45971563981,0.507109004739,0.468009478673,0.530805687204,0.498815165877,0.000731525247953,2.06963806551e-05,0.0400579082637,0.0160473961643
165,0.0116637706757,0.000325155258179,0.545023696682,0.547393364929,0.001,"(10,)",7,"{'NN__hidden_layer_sizes': (10,), 'pca__n_components': 7, 'NN__alpha': 0.001}",53,0.526066350711,0.559241706161,0.578199052133,0.528436018957,0.54028436019,0.539099526066,0.516587677725,0.549763033175,0.563981042654,0.560426540284,0.00146573039257,1.98489158996e-05,0.0230236166853,0.0121986139111
166,0.0179766178131,0.000359010696411,0.578199052133,0.574407582938,0.001,"(10,)",8,"{'NN__hidden_layer_sizes': (10,), 'pca__n_components': 8, 'NN__alpha': 0.001}",33,0.568720379147,0.587677725118,0.701421800948,0.60663507109,0.521327014218,0.585308056872,0.549763033175,0.528436018957,0.549763033175,0.563981042654,0.00447458974055,4.98169102846e-05,0.0634434143343,0.026666928714
167,0.0240406513214,0.000320816040039,0.568720379147,0.588151658768,0.001,"(10,)",9,"{'NN__hidden_layer_sizes': (10,), 'pca__n_components': 9, 'NN__alpha': 0.001}",37,0.568720379147,0.537914691943,0.672985781991,0.668246445498,0.436018957346,0.483412322275,0.483412322275,0.549763033175,0.682464454976,0.701421800948,0.0146026668141,2.27986013181e-06,0.0986875077522,0.0827200918645
168,0.00777039527893,0.000330209732056,0.522274881517,0.521800947867,0.001,"(10,)",10,"{'NN__hidden_layer_sizes': (10,), 'pca__n_components': 10, 'NN__alpha': 0.001}",69,0.516587677725,0.522511848341,0.521327014218,0.522511848341,0.521327014218,0.521327014218,0.526066350711,0.521327014218,0.526066350711,0.521327014218,0.000291183006936,2.62576692805e-05,0.00354659467941,0.000580447806347
169,0.0126601219177,0.000321435928345,0.514691943128,0.512085308057,0.001,"(10,)",11,"{'NN__hidden_layer_sizes': (10,), 'pca__n_components': 11, 'NN__alpha': 0.001}",145,0.507109004739,0.522511848341,0.630331753555,0.593601895735,0.492890995261,0.511848341232,0.473933649289,0.484597156398,0.469194312796,0.447867298578,0.00562391465933,1.44391141682e-05,0.0593912803709,0.0482354106134
170,0.0153363704681,0.000286436080933,0.449289099526,0.461848341232,0.001,"(6,)",2,"{'NN__hidden_layer_sizes': (6,), 'pca__n_components': 2, 'NN__alpha': 0.001}",205,0.398104265403,0.445497630332,0.473933649289,0.449052132701,0.454976303318,0.451421800948,0.398104265403,0.464454976303,0.521327014218,0.498815165877,0.00457937626917,5.8528726231e-06,0.0470508953402,0.0195608901265
171,0.0104025363922,0.000295829772949,0.408530805687,0.412796208531,0.001,"(6,)",3,"{'NN__hidden_layer_sizes': (6,), 'pca__n_components': 3, 'NN__alpha': 0.001}",221,0.431279620853,0.400473933649,0.341232227488,0.417061611374,0.398104265403,0.411137440758,0.464454976303,0.407582938389,0.407582938389,0.427725118483,0.00263352159912,1.94572933513e-05,0.0407031479689,0.00919602270708
172,0.0150163173676,0.000301265716553,0.490047393365,0.501658767773,0.001,"(6,)",4,"{'NN__hidden_layer_sizes': (6,), 'pca__n_components': 4, 'NN__alpha': 0.001}",177,0.492890995261,0.494075829384,0.42654028436,0.478672985782,0.483412322275,0.494075829384,0.578199052133,0.511848341232,0.469194312796,0.529620853081,0.00470473134665,1.47947133261e-05,0.0495798931967,0.0174874452393
173,0.0155091285706,0.000303411483765,0.545023696682,0.549763033175,0.001,"(6,)",5,"{'NN__hidden_layer_sizes': (6,), 'pca__n_components': 5, 'NN__alpha': 0.001}",53,0.530805687204,0.53672985782,0.563981042654,0.563981042654,0.578199052133,0.60308056872,0.530805687204,0.520142180095,0.521327014218,0.524881516588,0.00669482857065,1.27883067604e-05,0.0220264455708,0.0306961230611
174,0.0112961769104,0.000313377380371,0.534597156398,0.525829383886,0.001,"(6,)",6,"{'NN__hidden_layer_sizes': (6,), 'pca__n_components': 6, 'NN__alpha': 0.001}",66,0.526066350711,0.535545023697,0.545023696682,0.518957345972,0.521327014218,0.527251184834,0.554502369668,0.530805687204,0.526066350711,0.516587677725,0.00208277124011,2.49853570787e-05,0.0128574975983,0.00712478501345
175,0.0092357635498,0.000301647186279,0.517535545024,0.516113744076,0.001,"(6,)",7,"{'NN__hidden_layer_sizes': (6,), 'pca__n_components': 7, 'NN__alpha': 0.001}",141,0.497630331754,0.527251184834,0.568720379147,0.524881516588,0.488151658768,0.515402843602,0.526066350711,0.514218009479,0.507109004739,0.498815165877,0.000267048077229,1.49360439181e-05,0.0284991400538,0.0100424739812
176,0.00998044013977,0.000311517715454,0.493838862559,0.51018957346,0.001,"(6,)",8,"{'NN__hidden_layer_sizes': (6,), 'pca__n_components': 8, 'NN__alpha': 0.001}",173,0.488151658768,0.522511848341,0.597156398104,0.549763033175,0.469194312796,0.526066350711,0.445497630332,0.495260663507,0.469194312796,0.457345971564,0.00121902574092,2.20964507489e-05,0.0534011981839,0.0315762183983
177,0.0193441867828,0.000344657897949,0.565876777251,0.569668246445,0.001,"(6,)",9,"{'NN__hidden_layer_sizes': (6,), 'pca__n_components': 9, 'NN__alpha': 0.001}",45,0.549763033175,0.549763033175,0.682464454976,0.623222748815,0.502369668246,0.529620853081,0.535545023697,0.516587677725,0.559241706161,0.629146919431,0.0112331893245,6.5783587489e-05,0.0613995629979,0.0473779595815
178,0.00829901695251,0.000318622589111,0.388625592417,0.380331753555,0.001,"(6,)",10,"{'NN__hidden_layer_sizes': (6,), 'pca__n_components': 10, 'NN__alpha': 0.001}",233,0.379146919431,0.388625592417,0.350710900474,0.414691943128,0.412322274882,0.385071090047,0.412322274882,0.359004739336,0.388625592417,0.354265402844,0.0018226411774,2.21391132886e-05,0.0230236166853,0.0219370366086
179,0.0243130207062,0.000310230255127,0.511848341232,0.532464454976,0.001,"(6,)",11,"{'NN__hidden_layer_sizes': (6,), 'pca__n_components': 11, 'NN__alpha': 0.001}",158,0.478672985782,0.415876777251,0.526066350711,0.53317535545,0.516587677725,0.559241706161,0.57345971564,0.686018957346,0.464454976303,0.468009478673,0.0142760007847,3.12464807995e-06,0.0383856999646,0.0916991192172
180,0.00988049507141,0.000308132171631,0.521327014218,0.521327014218,0.0001,"(5, 2)",2,"{'NN__hidden_layer_sizes': (5, 2), 'pca__n_components': 2, 'NN__alpha': 0.0001}",73,0.521327014218,0.521327014218,0.521327014218,0.521327014218,0.521327014218,0.521327014218,0.521327014218,0.521327014218,0.521327014218,0.521327014218,0.000353743354767,2.71879150344e-05,0.0,0.0
181,0.0112570285797,0.000307989120483,0.403791469194,0.402369668246,0.0001,"(5, 2)",3,"{'NN__hidden_layer_sizes': (5, 2), 'pca__n_components': 3, 'NN__alpha': 0.0001}",229,0.402843601896,0.406398104265,0.417061611374,0.395734597156,0.39336492891,0.405213270142,0.39336492891,0.406398104265,0.412322274882,0.398104265403,0.00206571886986,1.30250755927e-05,0.00966638770349,0.0045334422914
182,0.0101003170013,0.000296831130981,0.521327014218,0.521327014218,0.0001,"(5, 2)",4,"{'NN__hidden_layer_sizes': (5, 2), 'pca__n_components': 4, 'NN__alpha': 0.0001}",73,0.521327014218,0.521327014218,0.521327014218,0.521327014218,0.521327014218,0.521327014218,0.521327014218,0.521327014218,0.521327014218,0.521327014218,0.000354410622039,1.24325630731e-05,0.0,0.0
183,0.014066362381,0.000317811965942,0.450236966825,0.441943127962,0.0001,"(5, 2)",5,"{'NN__hidden_layer_sizes': (5, 2), 'pca__n_components': 5, 'NN__alpha': 0.0001}",201,0.450236966825,0.451421800948,0.45971563981,0.489336492891,0.483412322275,0.452606635071,0.445497630332,0.413507109005,0.412322274882,0.402843601896,0.00432987010435,2.06526094662e-05,0.0230236166853,0.030942096818
184,0.0110831737518,0.000315189361572,0.41990521327,0.422037914692,0.0001,"(5, 2)",6,"{'NN__hidden_layer_sizes': (5, 2), 'pca__n_components': 6, 'NN__alpha': 0.0001}",217,0.383886255924,0.406398104265,0.417061611374,0.453791469194,0.450236966825,0.43009478673,0.407582938389,0.418246445498,0.440758293839,0.401658767773,0.000775241191895,1.42222228106e-05,0.0237156322335,0.0186948653302
185,0.0103161334991,0.000315427780151,0.521327014218,0.521327014218,0.0001,"(5, 2)",7,"{'NN__hidden_layer_sizes': (5, 2), 'pca__n_components': 7, 'NN__alpha': 0.0001}",73,0.521327014218,0.521327014218,0.521327014218,0.521327014218,0.521327014218,0.521327014218,0.521327014218,0.521327014218,0.521327014218,0.521327014218,0.000192104725224,1.16966123521e-05,0.0,0.0
186,0.0109866142273,0.000337409973145,0.521327014218,0.521327014218,0.0001,"(5, 2)",8,"{'NN__hidden_layer_sizes': (5, 2), 'pca__n_components': 8, 'NN__alpha': 0.0001}",73,0.521327014218,0.521327014218,0.521327014218,0.521327014218,0.521327014218,0.521327014218,0.521327014218,0.521327014218,0.521327014218,0.521327014218,0.000747633395477,1.32036544907e-05,0.0,0.0
187,0.00873980522156,0.000341749191284,0.478672985782,0.478672985782,0.0001,"(5, 2)",9,"{'NN__hidden_layer_sizes': (5, 2), 'pca__n_components': 9, 'NN__alpha': 0.0001}",181,0.478672985782,0.478672985782,0.478672985782,0.478672985782,0.478672985782,0.478672985782,0.478672985782,0.478672985782,0.478672985782,0.478672985782,0.000188358137731,3.04670959405e-05,0.0,0.0
188,0.0086962223053,0.000345420837402,0.521327014218,0.521327014218,0.0001,"(5, 2)",10,"{'NN__hidden_layer_sizes': (5, 2), 'pca__n_components': 10, 'NN__alpha': 0.0001}",73,0.521327014218,0.521327014218,0.521327014218,0.521327014218,0.521327014218,0.521327014218,0.521327014218,0.521327014218,0.521327014218,0.521327014218,0.000194354731111,2.60076970271e-05,0.0,0.0
189,0.00946636199951,0.000317621231079,0.442654028436,0.447393364929,0.0001,"(5, 2)",11,"{'NN__hidden_layer_sizes': (5, 2), 'pca__n_components': 11, 'NN__alpha': 0.0001}",209,0.454976303318,0.445497630332,0.431279620853,0.445497630332,0.436018957346,0.450236966825,0.464454976303,0.443127962085,0.42654028436,0.452606635071,0.00230161719991,1.19964117191e-05,0.01456141374,0.00348268683808
190,0.00868039131165,0.000282669067383,0.521327014218,0.521327014218,0.0001,"(5,)",2,"{'NN__hidden_layer_sizes': (5,), 'pca__n_components': 2, 'NN__alpha': 0.0001}",73,0.521327014218,0.521327014218,0.521327014218,0.521327014218,0.521327014218,0.521327014218,0.521327014218,0.521327014218,0.521327014218,0.521327014218,0.000239638137192,1.18775532272e-05,0.0,0.0
191,0.0131244659424,0.000320148468018,0.614218009479,0.607109004739,0.0001,"(5,)",3,"{'NN__hidden_layer_sizes': (5,), 'pca__n_components': 3, 'NN__alpha': 0.0001}",13,0.60663507109,0.60663507109,0.682464454976,0.642180094787,0.57345971564,0.61018957346,0.587677725118,0.598341232227,0.620853080569,0.578199052133,0.00410797904266,2.92963565592e-05,0.0377484507142,0.0207477953932
192,0.0102281570435,0.000337219238281,0.436966824645,0.4336492891,0.0001,"(5,)",4,"{'NN__hidden_layer_sizes': (5,), 'pca__n_components': 4, 'NN__alpha': 0.0001}",213,0.436018957346,0.432464454976,0.454976303318,0.479857819905,0.436018957346,0.443127962085,0.421800947867,0.411137440758,0.436018957346,0.401658767773,0.0010317811861,2.17202335215e-05,0.0105550035314,0.0274104146747
193,0.0139678001404,0.000293827056885,0.513744075829,0.53009478673,0.0001,"(5,)",5,"{'NN__hidden_layer_sizes': (5,), 'pca__n_components': 5, 'NN__alpha': 0.0001}",148,0.568720379147,0.563981042654,0.464454976303,0.537914691943,0.526066350711,0.505924170616,0.521327014218,0.529620853081,0.488151658768,0.513033175355,0.00510444503694,8.15740031231e-06,0.0355418639986,0.0204204365145
194,0.0115479469299,0.000306224822998,0.604739336493,0.601184834123,0.0001,"(5,)",6,"{'NN__hidden_layer_sizes': (5,), 'pca__n_components': 6, 'NN__alpha': 0.0001}",21,0.611374407583,0.617298578199,0.644549763033,0.597156398104,0.582938388626,0.616113744076,0.582938388626,0.612559241706,0.601895734597,0.562796208531,0.00204865171858,1.32545291907e-05,0.0227488151659,0.0205027662524
195,0.0122292041779,0.000327825546265,0.561137440758,0.577725118483,0.0001,"(5,)",7,"{'NN__hidden_layer_sizes': (5,), 'pca__n_components': 7, 'NN__alpha': 0.0001}",48,0.549763033175,0.57345971564,0.597156398104,0.582938388626,0.57345971564,0.597156398104,0.545023696682,0.578199052133,0.54028436019,0.556872037915,0.00343419692805,3.74014847757e-05,0.0213217476383,0.013099786693
196,0.011345911026,0.000305604934692,0.470142180095,0.472985781991,0.0001,"(5,)",8,"{'NN__hidden_layer_sizes': (5,), 'pca__n_components': 8, 'NN__alpha': 0.0001}",197,0.45971563981,0.456161137441,0.436018957346,0.454976303318,0.492890995261,0.46327014218,0.464454976303,0.472748815166,0.497630331754,0.517772511848,0.00235671046173,2.11381433565e-05,0.0227092863521,0.0232710591416
197,0.00858039855957,0.00030722618103,0.38009478673,0.387677725118,0.0001,"(5,)",9,"{'NN__hidden_layer_sizes': (5,), 'pca__n_components': 9, 'NN__alpha': 0.0001}",237,0.341232227488,0.369668246445,0.312796208531,0.381516587678,0.45971563981,0.373222748815,0.379146919431,0.405213270142,0.407582938389,0.408767772512,0.00165596560958,1.86580475807e-05,0.051254998425,0.0162698046386
198,0.00969395637512,0.000308656692505,0.40663507109,0.413507109005,0.0001,"(5,)",10,"{'NN__hidden_layer_sizes': (5,), 'pca__n_components': 10, 'NN__alpha': 0.0001}",225,0.440758293839,0.412322274882,0.345971563981,0.419431279621,0.454976303318,0.387440758294,0.39336492891,0.425355450237,0.398104265403,0.422985781991,0.0032500072335,1.19071881256e-05,0.0385491931899,0.0137563272736
199,0.0152349948883,0.000311517715454,0.588625592417,0.58672985782,0.0001,"(5,)",11,"{'NN__hidden_layer_sizes': (5,), 'pca__n_components': 11, 'NN__alpha': 0.0001}",29,0.563981042654,0.586492890995,0.620853080569,0.5663507109,0.559241706161,0.590047393365,0.635071090047,0.60663507109,0.563981042654,0.584123222749,0.00415436560696,1.36375427246e-05,0.0324774250218,0.0128793158689
200,0.00867018699646,0.000282430648804,0.521327014218,0.521327014218,0.0001,"(2,)",2,"{'NN__hidden_layer_sizes': (2,), 'pca__n_components': 2, 'NN__alpha': 0.0001}",73,0.521327014218,0.521327014218,0.521327014218,0.521327014218,0.521327014218,0.521327014218,0.521327014218,0.521327014218,0.521327014218,0.521327014218,0.000375006478389,2.33429200884e-05,0.0,0.0
201,0.00880279541016,0.000284957885742,0.521327014218,0.521327014218,0.0001,"(2,)",3,"{'NN__hidden_layer_sizes': (2,), 'pca__n_components': 3, 'NN__alpha': 0.0001}",73,0.521327014218,0.521327014218,0.521327014218,0.521327014218,0.521327014218,0.521327014218,0.521327014218,0.521327014218,0.521327014218,0.521327014218,0.000355228596565,1.04875994278e-05,0.0,0.0
202,0.00935912132263,0.000306510925293,0.675829383886,0.682227488152,0.0001,"(2,)",4,"{'NN__hidden_layer_sizes': (2,), 'pca__n_components': 4, 'NN__alpha': 0.0001}",1,0.710900473934,0.656398104265,0.654028436019,0.667061611374,0.682464454976,0.68009478673,0.663507109005,0.706161137441,0.668246445498,0.701421800948,0.000854935594874,3.37971602117e-05,0.0197920502539,0.0191987005692
203,0.00889120101929,0.000284433364868,0.478672985782,0.478672985782,0.0001,"(2,)",5,"{'NN__hidden_layer_sizes': (2,), 'pca__n_components': 5, 'NN__alpha': 0.0001}",181,0.478672985782,0.478672985782,0.478672985782,0.478672985782,0.478672985782,0.478672985782,0.478672985782,0.478672985782,0.478672985782,0.478672985782,0.000415940863057,1.3610339209e-05,0.0,0.0
204,0.0111475467682,0.000290632247925,0.499526066351,0.500710900474,0.0001,"(2,)",6,"{'NN__hidden_layer_sizes': (2,), 'pca__n_components': 6, 'NN__alpha': 0.0001}",165,0.497630331754,0.501184834123,0.502369668246,0.49644549763,0.478672985782,0.505924170616,0.521327014218,0.502369668246,0.497630331754,0.497630331754,0.00262109559355,1.02990203221e-05,0.0136044550658,0.00340111376645
205,0.00888314247131,0.000296497344971,0.521327014218,0.521327014218,0.0001,"(2,)",7,"{'NN__hidden_layer_sizes': (2,), 'pca__n_components': 7, 'NN__alpha': 0.0001}",73,0.521327014218,0.521327014218,0.521327014218,0.521327014218,0.521327014218,0.521327014218,0.521327014218,0.521327014218,0.521327014218,0.521327014218,0.000257274730232,1.71982940851e-05,0.0,0.0
206,0.0091703414917,0.000317287445068,0.521327014218,0.521327014218,0.0001,"(2,)",8,"{'NN__hidden_layer_sizes': (2,), 'pca__n_components': 8, 'NN__alpha': 0.0001}",73,0.521327014218,0.521327014218,0.521327014218,0.521327014218,0.521327014218,0.521327014218,0.521327014218,0.521327014218,0.521327014218,0.521327014218,0.000445117906918,4.01471402227e-05,0.0,0.0
207,0.00985059738159,0.000300216674805,0.60663507109,0.61990521327,0.0001,"(2,)",9,"{'NN__hidden_layer_sizes': (2,), 'pca__n_components': 9, 'NN__alpha': 0.0001}",17,0.597156398104,0.598341232227,0.611374407583,0.614928909953,0.644549763033,0.622037914692,0.578199052133,0.63981042654,0.601895734597,0.624407582938,0.00265319012462,9.41846939462e-06,0.0218215439492,0.0134967117212
208,0.00698304176331,0.000298357009888,0.478672985782,0.478672985782,0.0001,"(2,)",10,"{'NN__hidden_layer_sizes': (2,), 'pca__n_components': 10, 'NN__alpha': 0.0001}",181,0.478672985782,0.478672985782,0.478672985782,0.478672985782,0.478672985782,0.478672985782,0.478672985782,0.478672985782,0.478672985782,0.478672985782,0.00032588054032,2.03082253026e-05,0.0,0.0
209,0.00700101852417,0.000298833847046,0.521327014218,0.521563981043,0.0001,"(2,)",11,"{'NN__hidden_layer_sizes': (2,), 'pca__n_components': 11, 'NN__alpha': 0.0001}",73,0.521327014218,0.521327014218,0.521327014218,0.521327014218,0.521327014218,0.522511848341,0.521327014218,0.521327014218,0.521327014218,0.521327014218,0.000336706788377,1.75568048588e-05,0.0,0.000473933649289
210,0.0153795719147,0.00031418800354,0.544075829384,0.54336492891,0.0001,"(10, 5)",2,"{'NN__hidden_layer_sizes': (10, 5), 'pca__n_components': 2, 'NN__alpha': 0.0001}",61,0.521327014218,0.527251184834,0.526066350711,0.515402843602,0.530805687204,0.522511848341,0.620853080569,0.625592417062,0.521327014218,0.526066350711,0.00716554024137,1.10255640146e-05,0.0385491931899,0.0413206547566
211,0.0107374668121,0.000336027145386,0.521327014218,0.521327014218,0.0001,"(10, 5)",3,"{'NN__hidden_layer_sizes': (10, 5), 'pca__n_components': 3, 'NN__alpha': 0.0001}",73,0.521327014218,0.521327014218,0.521327014218,0.521327014218,0.521327014218,0.521327014218,0.521327014218,0.521327014218,0.521327014218,0.521327014218,0.000127060989375,2.47177407612e-05,0.0,0.0
212,0.0108383178711,0.000329160690308,0.521327014218,0.521327014218,0.0001,"(10, 5)",4,"{'NN__hidden_layer_sizes': (10, 5), 'pca__n_components': 4, 'NN__alpha': 0.0001}",73,0.521327014218,0.521327014218,0.521327014218,0.521327014218,0.521327014218,0.521327014218,0.521327014218,0.521327014218,0.521327014218,0.521327014218,8.95681708141e-05,1.78062768556e-05,0.0,0.0
213,0.0107839584351,0.000338792800903,0.521327014218,0.521327014218,0.0001,"(10, 5)",5,"{'NN__hidden_layer_sizes': (10, 5), 'pca__n_components': 5, 'NN__alpha': 0.0001}",73,0.521327014218,0.521327014218,0.521327014218,0.521327014218,0.521327014218,0.521327014218,0.521327014218,0.521327014218,0.521327014218,0.521327014218,4.53069078561e-05,1.78626279911e-05,0.0,0.0
214,0.0176601409912,0.000336122512817,0.568720379147,0.577725118483,0.0001,"(10, 5)",6,"{'NN__hidden_layer_sizes': (10, 5), 'pca__n_components': 6, 'NN__alpha': 0.0001}",37,0.549763033175,0.559241706161,0.549763033175,0.542654028436,0.554502369668,0.559241706161,0.597156398104,0.611374407583,0.592417061611,0.616113744076,0.00335287018535,1.10369005106e-05,0.021405857423,0.0300639839377
215,0.0171809673309,0.000347661972046,0.628436018957,0.642890995261,0.0001,"(10, 5)",7,"{'NN__hidden_layer_sizes': (10, 5), 'pca__n_components': 7, 'NN__alpha': 0.0001}",9,0.630331753555,0.64336492891,0.625592417062,0.611374407583,0.625592417062,0.64336492891,0.630331753555,0.650473933649,0.630331753555,0.665876777251,0.00527845182521,2.22174392531e-05,0.00232179122539,0.017774091557
216,0.011260175705,0.000346803665161,0.521327014218,0.521327014218,0.0001,"(10, 5)",8,"{'NN__hidden_layer_sizes': (10, 5), 'pca__n_components': 8, 'NN__alpha': 0.0001}",73,0.521327014218,0.521327014218,0.521327014218,0.521327014218,0.521327014218,0.521327014218,0.521327014218,0.521327014218,0.521327014218,0.521327014218,0.000289197298253,3.65241700282e-05,0.0,0.0
217,0.00944595336914,0.000354242324829,0.521327014218,0.521090047393,0.0001,"(10, 5)",9,"{'NN__hidden_layer_sizes': (10, 5), 'pca__n_components': 9, 'NN__alpha': 0.0001}",73,0.521327014218,0.521327014218,0.521327014218,0.521327014218,0.521327014218,0.521327014218,0.521327014218,0.521327014218,0.521327014218,0.520142180095,0.000187324395807,2.53780422933e-05,0.0,0.000473933649289
218,0.00957221984863,0.00036792755127,0.521327014218,0.521327014218,0.0001,"(10, 5)",10,"{'NN__hidden_layer_sizes': (10, 5), 'pca__n_components': 10, 'NN__alpha': 0.0001}",73,0.521327014218,0.521327014218,0.521327014218,0.521327014218,0.521327014218,0.521327014218,0.521327014218,0.521327014218,0.521327014218,0.521327014218,0.000243035456275,5.85897638038e-05,0.0,0.0
219,0.0148080825806,0.000345277786255,0.510900473934,0.524644549763,0.0001,"(10, 5)",11,"{'NN__hidden_layer_sizes': (10, 5), 'pca__n_components': 11, 'NN__alpha': 0.0001}",161,0.521327014218,0.497630331754,0.469194312796,0.49644549763,0.497630331754,0.507109004739,0.554502369668,0.548578199052,0.511848341232,0.57345971564,0.0038914238161,1.46796160428e-05,0.028022266349,0.0309457261766
220,0.00995664596558,0.000293350219727,0.497630331754,0.495971563981,0.0001,"(10,)",2,"{'NN__hidden_layer_sizes': (10,), 'pca__n_components': 2, 'NN__alpha': 0.0001}",169,0.478672985782,0.502369668246,0.502369668246,0.492890995261,0.507109004739,0.494075829384,0.521327014218,0.490521327014,0.478672985782,0.5,0.00163517754037,1.1111022042e-05,0.0166889259352,0.00447108110524
221,0.0151638507843,0.000308799743652,0.660663507109,0.668483412322,0.0001,"(10,)",3,"{'NN__hidden_layer_sizes': (10,), 'pca__n_components': 3, 'NN__alpha': 0.0001}",5,0.616113744076,0.648104265403,0.715639810427,0.678909952607,0.720379146919,0.691943127962,0.663507109005,0.704976303318,0.587677725118,0.618483412322,0.00361637853592,1.04930180881e-05,0.0527409582682,0.0313244687826
222,0.0153982162476,0.000319004058838,0.599052132701,0.595971563981,0.0001,"(10,)",4,"{'NN__hidden_layer_sizes': (10,), 'pca__n_components': 4, 'NN__alpha': 0.0001}",25,0.625592417062,0.597156398104,0.587677725118,0.565165876777,0.60663507109,0.565165876777,0.578199052133,0.633886255924,0.597156398104,0.618483412322,0.00423609680047,2.84472432455e-05,0.0163077256247,0.0277261311437
223,0.0119777202606,0.000316429138184,0.512796208531,0.504028436019,0.0001,"(10,)",5,"{'NN__hidden_layer_sizes': (10,), 'pca__n_components': 5, 'NN__alpha': 0.0001}",153,0.469194312796,0.501184834123,0.545023696682,0.537914691943,0.592417061611,0.53672985782,0.483412322275,0.481042654028,0.473933649289,0.46327014218,0.00409011424388,2.18031933027e-05,0.0482761386853,0.0297164334686
224,0.00969834327698,0.000309181213379,0.471090047393,0.46990521327,0.0001,"(10,)",6,"{'NN__hidden_layer_sizes': (10,), 'pca__n_components': 6, 'NN__alpha': 0.0001}",193,0.440758293839,0.471563981043,0.431279620853,0.451421800948,0.445497630332,0.45971563981,0.507109004739,0.468009478673,0.530805687204,0.498815165877,0.000744286296149,1.41069676293e-05,0.0400579082637,0.0160473961643
225,0.0116794109344,0.000309991836548,0.545023696682,0.547393364929,0.0001,"(10,)",7,"{'NN__hidden_layer_sizes': (10,), 'pca__n_components': 7, 'NN__alpha': 0.0001}",53,0.526066350711,0.559241706161,0.578199052133,0.528436018957,0.54028436019,0.539099526066,0.516587677725,0.549763033175,0.563981042654,0.560426540284,0.00139005804744,1.46780670536e-05,0.0230236166853,0.0121986139111
226,0.0181901931763,0.000328636169434,0.578199052133,0.574407582938,0.0001,"(10,)",8,"{'NN__hidden_layer_sizes': (10,), 'pca__n_components': 8, 'NN__alpha': 0.0001}",33,0.568720379147,0.587677725118,0.701421800948,0.60663507109,0.521327014218,0.585308056872,0.549763033175,0.528436018957,0.549763033175,0.563981042654,0.00466427071943,1.71054987645e-05,0.0634434143343,0.026666928714
227,0.0241909503937,0.000333213806152,0.568720379147,0.588151658768,0.0001,"(10,)",9,"{'NN__hidden_layer_sizes': (10,), 'pca__n_components': 9, 'NN__alpha': 0.0001}",37,0.568720379147,0.537914691943,0.672985781991,0.668246445498,0.436018957346,0.483412322275,0.483412322275,0.549763033175,0.682464454976,0.701421800948,0.0145266545903,2.48457327097e-05,0.0986875077522,0.0827200918645
228,0.00781855583191,0.000328826904297,0.522274881517,0.521800947867,0.0001,"(10,)",10,"{'NN__hidden_layer_sizes': (10,), 'pca__n_components': 10, 'NN__alpha': 0.0001}",69,0.516587677725,0.522511848341,0.521327014218,0.522511848341,0.521327014218,0.521327014218,0.526066350711,0.521327014218,0.526066350711,0.521327014218,0.000201119919624,1.86262140259e-05,0.00354659467941,0.000580447806347
229,0.0124194145203,0.000328969955444,0.514691943128,0.512085308057,0.0001,"(10,)",11,"{'NN__hidden_layer_sizes': (10,), 'pca__n_components': 11, 'NN__alpha': 0.0001}",145,0.507109004739,0.522511848341,0.630331753555,0.593601895735,0.492890995261,0.511848341232,0.473933649289,0.484597156398,0.469194312796,0.447867298578,0.00578140858291,2.64227168436e-05,0.0593912803709,0.0482354106134
230,0.0155584812164,0.000293684005737,0.449289099526,0.461848341232,0.0001,"(6,)",2,"{'NN__hidden_layer_sizes': (6,), 'pca__n_components': 2, 'NN__alpha': 0.0001}",205,0.398104265403,0.445497630332,0.473933649289,0.449052132701,0.454976303318,0.451421800948,0.398104265403,0.464454976303,0.521327014218,0.498815165877,0.00462755841747,1.23051706784e-05,0.0470508953402,0.0195608901265
231,0.010862159729,0.000307512283325,0.408530805687,0.412796208531,0.0001,"(6,)",3,"{'NN__hidden_layer_sizes': (6,), 'pca__n_components': 3, 'NN__alpha': 0.0001}",221,0.431279620853,0.400473933649,0.341232227488,0.417061611374,0.398104265403,0.411137440758,0.464454976303,0.407582938389,0.407582938389,0.427725118483,0.00244194074457,7.62850040919e-06,0.0407031479689,0.00919602270708
232,0.0155035972595,0.000309371948242,0.490047393365,0.501658767773,0.0001,"(6,)",4,"{'NN__hidden_layer_sizes': (6,), 'pca__n_components': 4, 'NN__alpha': 0.0001}",177,0.492890995261,0.494075829384,0.42654028436,0.478672985782,0.483412322275,0.494075829384,0.578199052133,0.511848341232,0.469194312796,0.529620853081,0.00498652219464,1.17175879623e-05,0.0495798931967,0.0174874452393
233,0.016042137146,0.000314235687256,0.545023696682,0.549763033175,0.0001,"(6,)",5,"{'NN__hidden_layer_sizes': (6,), 'pca__n_components': 5, 'NN__alpha': 0.0001}",53,0.530805687204,0.53672985782,0.563981042654,0.563981042654,0.578199052133,0.60308056872,0.530805687204,0.520142180095,0.521327014218,0.524881516588,0.00710916570114,1.85587080251e-05,0.0220264455708,0.0306961230611
234,0.0112938404083,0.000317001342773,0.534597156398,0.525829383886,0.0001,"(6,)",6,"{'NN__hidden_layer_sizes': (6,), 'pca__n_components': 6, 'NN__alpha': 0.0001}",66,0.526066350711,0.535545023697,0.545023696682,0.518957345972,0.521327014218,0.527251184834,0.554502369668,0.530805687204,0.526066350711,0.516587677725,0.00214870515814,2.3533544223e-05,0.0128574975983,0.00712478501345
235,0.00919237136841,0.000345849990845,0.517535545024,0.516113744076,0.0001,"(6,)",7,"{'NN__hidden_layer_sizes': (6,), 'pca__n_components': 7, 'NN__alpha': 0.0001}",141,0.497630331754,0.527251184834,0.568720379147,0.524881516588,0.488151658768,0.515402843602,0.526066350711,0.514218009479,0.507109004739,0.498815165877,0.000116431937072,5.25161178945e-05,0.0284991400538,0.0100424739812
236,0.00985059738159,0.000313186645508,0.493838862559,0.51018957346,0.0001,"(6,)",8,"{'NN__hidden_layer_sizes': (6,), 'pca__n_components': 8, 'NN__alpha': 0.0001}",173,0.488151658768,0.522511848341,0.597156398104,0.549763033175,0.469194312796,0.526066350711,0.445497630332,0.495260663507,0.469194312796,0.457345971564,0.00121331472672,1.72925638063e-05,0.0534011981839,0.0315762183983
237,0.0189018249512,0.000317573547363,0.565876777251,0.569668246445,0.0001,"(6,)",9,"{'NN__hidden_layer_sizes': (6,), 'pca__n_components': 9, 'NN__alpha': 0.0001}",45,0.549763033175,0.549763033175,0.682464454976,0.623222748815,0.502369668246,0.529620853081,0.535545023697,0.516587677725,0.559241706161,0.629146919431,0.0107984551438,1.92856905059e-05,0.0613995629979,0.0473779595815
238,0.00870757102966,0.000323009490967,0.388625592417,0.380331753555,0.0001,"(6,)",10,"{'NN__hidden_layer_sizes': (6,), 'pca__n_components': 10, 'NN__alpha': 0.0001}",233,0.379146919431,0.388625592417,0.350710900474,0.414691943128,0.412322274882,0.385071090047,0.412322274882,0.359004739336,0.388625592417,0.354265402844,0.00157463113602,1.55593652567e-05,0.0230236166853,0.0219370366086
239,0.0254765510559,0.000352239608765,0.511848341232,0.532464454976,0.0001,"(6,)",11,"{'NN__hidden_layer_sizes': (6,), 'pca__n_components': 11, 'NN__alpha': 0.0001}",158,0.478672985782,0.415876777251,0.526066350711,0.53317535545,0.516587677725,0.559241706161,0.57345971564,0.686018957346,0.464454976303,0.468009478673,0.0151358320678,3.69044236317e-05,0.0383856999646,0.0916991192172
