,mean_fit_time,mean_score_time,mean_test_score,mean_train_score,param_NN__alpha,param_NN__hidden_layer_sizes,param_km__n_clusters,params,rank_test_score,split0_test_score,split0_train_score,split1_test_score,split1_train_score,split2_test_score,split2_train_score,std_fit_time,std_score_time,std_test_score,std_train_score
0,0.0350420475006,0.000421603520711,0.521327014218,0.521327052577,0.1,"(5, 2)",2,"{'NN__hidden_layer_sizes': (5, 2), 'km__n_clusters': 2, 'NN__alpha': 0.1}",65,0.521246458924,0.521367521368,0.521367521368,0.521306818182,0.521367521368,0.521306818182,0.00237430073808,1.83982674016e-05,5.71232470904e-05,2.86157561669e-05
1,0.04483294487,0.000406980514526,0.536492890995,0.544492737201,0.1,"(5, 2)",3,"{'NN__hidden_layer_sizes': (5, 2), 'km__n_clusters': 3, 'NN__alpha': 0.1}",42,0.532577903683,0.48433048433,0.575498575499,0.613636363636,0.501424501425,0.535511363636,0.00197863653012,3.75966268301e-06,0.0303392210214,0.0531695489862
2,0.0434502760569,0.000432729721069,0.521327014218,0.521327052577,0.1,"(5, 2)",4,"{'NN__hidden_layer_sizes': (5, 2), 'km__n_clusters': 4, 'NN__alpha': 0.1}",65,0.521246458924,0.521367521368,0.521367521368,0.521306818182,0.521367521368,0.521306818182,0.00419493643341,1.42746176415e-05,5.71232470904e-05,2.86157561669e-05
3,0.0554018815358,0.000425338745117,0.542180094787,0.543926174135,0.1,"(5, 2)",5,"{'NN__hidden_layer_sizes': (5, 2), 'km__n_clusters': 5, 'NN__alpha': 0.1}",37,0.402266288952,0.38603988604,0.575498575499,0.592329545455,0.649572649573,0.653409090909,0.00637787831228,5.58462972347e-06,0.10371340006,0.114393291454
4,0.0539662837982,0.000440041224162,0.521327014218,0.521327052577,0.1,"(5, 2)",6,"{'NN__hidden_layer_sizes': (5, 2), 'km__n_clusters': 6, 'NN__alpha': 0.1}",65,0.521246458924,0.521367521368,0.521367521368,0.521306818182,0.521367521368,0.521306818182,0.000592754076601,1.26778517422e-05,5.71232470904e-05,2.86157561669e-05
5,0.0576012929281,0.000439643859863,0.521327014218,0.521327052577,0.1,"(5, 2)",7,"{'NN__hidden_layer_sizes': (5, 2), 'km__n_clusters': 7, 'NN__alpha': 0.1}",65,0.521246458924,0.521367521368,0.521367521368,0.521306818182,0.521367521368,0.521306818182,0.0015350659578,1.78702637686e-05,5.71232470904e-05,2.86157561669e-05
6,0.0590085983276,0.000437100728353,0.521327014218,0.521327052577,0.1,"(5, 2)",8,"{'NN__hidden_layer_sizes': (5, 2), 'km__n_clusters': 8, 'NN__alpha': 0.1}",65,0.521246458924,0.521367521368,0.521367521368,0.521306818182,0.521367521368,0.521306818182,0.00231339261987,1.20918941933e-05,5.71232470904e-05,2.86157561669e-05
7,0.0626983642578,0.000439325968424,0.478672985782,0.478672947423,0.1,"(5, 2)",9,"{'NN__hidden_layer_sizes': (5, 2), 'km__n_clusters': 9, 'NN__alpha': 0.1}",209,0.478753541076,0.478632478632,0.478632478632,0.478693181818,0.478632478632,0.478693181818,0.00301152176517,6.16311898878e-06,5.71232470904e-05,2.86157561669e-05
8,0.0685570240021,0.000446001688639,0.521327014218,0.521327052577,0.1,"(5, 2)",10,"{'NN__hidden_layer_sizes': (5, 2), 'km__n_clusters': 10, 'NN__alpha': 0.1}",65,0.521246458924,0.521367521368,0.521367521368,0.521306818182,0.521367521368,0.521306818182,0.0022152301208,8.48612371824e-06,5.71232470904e-05,2.86157561669e-05
9,0.0858687559764,0.000461339950562,0.618957345972,0.625097125097,0.1,"(5, 2)",11,"{'NN__hidden_layer_sizes': (5, 2), 'km__n_clusters': 11, 'NN__alpha': 0.1}",4,0.643059490085,0.602564102564,0.638176638177,0.634943181818,0.575498575499,0.637784090909,0.0112467039748,3.05944705882e-06,0.0307510494891,0.0159754085909
10,0.0766923427582,0.000489711761475,0.521327014218,0.521327052577,0.1,"(5, 2)",12,"{'NN__hidden_layer_sizes': (5, 2), 'km__n_clusters': 12, 'NN__alpha': 0.1}",65,0.521246458924,0.521367521368,0.521367521368,0.521306818182,0.521367521368,0.521306818182,0.00404047723791,2.80673118447e-05,5.71232470904e-05,2.86157561669e-05
11,0.034056742986,0.000404278437297,0.521327014218,0.521327052577,0.1,"(5,)",2,"{'NN__hidden_layer_sizes': (5,), 'km__n_clusters': 2, 'NN__alpha': 0.1}",65,0.521246458924,0.521367521368,0.521367521368,0.521306818182,0.521367521368,0.521306818182,0.0028106889144,2.26303764925e-05,5.71232470904e-05,2.86157561669e-05
12,0.0414353211721,0.00042994817098,0.521327014218,0.521327052577,0.1,"(5,)",3,"{'NN__hidden_layer_sizes': (5,), 'km__n_clusters': 3, 'NN__alpha': 0.1}",65,0.521246458924,0.521367521368,0.521367521368,0.521306818182,0.521367521368,0.521306818182,0.00126026141482,3.95924821903e-05,5.71232470904e-05,2.86157561669e-05
13,0.0419563452403,0.000391960144043,0.521327014218,0.521327052577,0.1,"(5,)",4,"{'NN__hidden_layer_sizes': (5,), 'km__n_clusters': 4, 'NN__alpha': 0.1}",65,0.521246458924,0.521367521368,0.521367521368,0.521306818182,0.521367521368,0.521306818182,0.00401291166545,1.34869915235e-06,5.71232470904e-05,2.86157561669e-05
14,0.046409924825,0.000414292017619,0.587677725118,0.573843401968,0.1,"(5,)",5,"{'NN__hidden_layer_sizes': (5,), 'km__n_clusters': 5, 'NN__alpha': 0.1}",5,0.478753541076,0.478632478632,0.635327635328,0.599431818182,0.649572649573,0.643465909091,0.00647493338763,1.80992349827e-05,0.0774583554162,0.0696830454386
15,0.052133957545,0.000407377878825,0.521327014218,0.521327052577,0.1,"(5,)",6,"{'NN__hidden_layer_sizes': (5,), 'km__n_clusters': 6, 'NN__alpha': 0.1}",65,0.521246458924,0.521367521368,0.521367521368,0.521306818182,0.521367521368,0.521306818182,0.000929993638581,6.97914708459e-06,5.71232470904e-05,2.86157561669e-05
16,0.0564204057058,0.000413338343302,0.521327014218,0.520377384961,0.1,"(5,)",7,"{'NN__hidden_layer_sizes': (5,), 'km__n_clusters': 7, 'NN__alpha': 0.1}",65,0.521246458924,0.518518518519,0.521367521368,0.521306818182,0.521367521368,0.521306818182,0.00172356138173,5.3607374681e-06,5.71232470904e-05,0.0013144170666
17,0.0575949350993,0.000413656234741,0.478672985782,0.478672947423,0.1,"(5,)",8,"{'NN__hidden_layer_sizes': (5,), 'km__n_clusters': 8, 'NN__alpha': 0.1}",209,0.478753541076,0.478632478632,0.478632478632,0.478693181818,0.478632478632,0.478693181818,0.00244572795521,5.92059470246e-06,5.71232470904e-05,2.86157561669e-05
18,0.06201227506,0.000428040822347,0.478672985782,0.478672947423,0.1,"(5,)",9,"{'NN__hidden_layer_sizes': (5,), 'km__n_clusters': 9, 'NN__alpha': 0.1}",209,0.478753541076,0.478632478632,0.478632478632,0.478693181818,0.478632478632,0.478693181818,0.00282755879849,1.20918941933e-05,5.71232470904e-05,2.86157561669e-05
19,0.0668872992198,0.000420331954956,0.478672985782,0.478672947423,0.1,"(5,)",10,"{'NN__hidden_layer_sizes': (5,), 'km__n_clusters': 10, 'NN__alpha': 0.1}",209,0.478753541076,0.478632478632,0.478632478632,0.478693181818,0.478632478632,0.478693181818,0.00297430429481,3.37174788087e-07,5.71232470904e-05,2.86157561669e-05
20,0.0684996445974,0.000452359517415,0.478672985782,0.478672947423,0.1,"(5,)",11,"{'NN__hidden_layer_sizes': (5,), 'km__n_clusters': 11, 'NN__alpha': 0.1}",209,0.478753541076,0.478632478632,0.478632478632,0.478693181818,0.478632478632,0.478693181818,0.00507661341077,8.56833901211e-06,5.71232470904e-05,2.86157561669e-05
21,0.0737486680349,0.000435034434001,0.521327014218,0.521327052577,0.1,"(5,)",12,"{'NN__hidden_layer_sizes': (5,), 'km__n_clusters': 12, 'NN__alpha': 0.1}",65,0.521246458924,0.521367521368,0.521367521368,0.521306818182,0.521367521368,0.521306818182,0.00367007557057,2.43399824001e-06,5.71232470904e-05,2.86157561669e-05
22,0.0338015556335,0.000391801198324,0.521327014218,0.521327052577,0.1,"(2,)",2,"{'NN__hidden_layer_sizes': (2,), 'km__n_clusters': 2, 'NN__alpha': 0.1}",65,0.521246458924,0.521367521368,0.521367521368,0.521306818182,0.521367521368,0.521306818182,0.00210377491085,2.8366356369e-06,5.71232470904e-05,2.86157561669e-05
23,0.0415348211924,0.000391244888306,0.521327014218,0.521327052577,0.1,"(2,)",3,"{'NN__hidden_layer_sizes': (2,), 'km__n_clusters': 3, 'NN__alpha': 0.1}",65,0.521246458924,0.521367521368,0.521367521368,0.521306818182,0.521367521368,0.521306818182,0.00124219301804,1.3172851247e-05,5.71232470904e-05,2.86157561669e-05
24,0.0435509681702,0.000405708948771,0.524170616114,0.543580840456,0.1,"(2,)",4,"{'NN__hidden_layer_sizes': (2,), 'km__n_clusters': 4, 'NN__alpha': 0.1}",61,0.521246458924,0.521367521368,0.532763532764,0.555397727273,0.518518518519,0.553977272727,0.00604272627019,1.67395576776e-05,0.00616892750147,0.0157178896265
25,0.0430766741435,0.000394980112712,0.478672985782,0.478672947423,0.1,"(2,)",5,"{'NN__hidden_layer_sizes': (2,), 'km__n_clusters': 5, 'NN__alpha': 0.1}",209,0.478753541076,0.478632478632,0.478632478632,0.478693181818,0.478632478632,0.478693181818,0.00186464475705,3.50582520169e-06,5.71232470904e-05,2.86157561669e-05
26,0.0524890422821,0.000399986902873,0.478672985782,0.478672947423,0.1,"(2,)",6,"{'NN__hidden_layer_sizes': (2,), 'km__n_clusters': 6, 'NN__alpha': 0.1}",209,0.478753541076,0.478632478632,0.478632478632,0.478693181818,0.478632478632,0.478693181818,0.000602753195537,5.74297961081e-06,5.71232470904e-05,2.86157561669e-05
27,0.0569767157237,0.000401576360067,0.521327014218,0.521327052577,0.1,"(2,)",7,"{'NN__hidden_layer_sizes': (2,), 'km__n_clusters': 7, 'NN__alpha': 0.1}",65,0.521246458924,0.521367521368,0.521367521368,0.521306818182,0.521367521368,0.521306818182,0.001760027895,1.29616311632e-06,5.71232470904e-05,2.86157561669e-05
28,0.0574646790822,0.00041389465332,0.521327014218,0.521327052577,0.1,"(2,)",8,"{'NN__hidden_layer_sizes': (2,), 'km__n_clusters': 8, 'NN__alpha': 0.1}",65,0.521246458924,0.521367521368,0.521367521368,0.521306818182,0.521367521368,0.521306818182,0.00249408026144,1.20364000793e-05,5.71232470904e-05,2.86157561669e-05
29,0.0619139671326,0.000415325164795,0.532701421801,0.51800321592,0.1,"(2,)",9,"{'NN__hidden_layer_sizes': (2,), 'km__n_clusters': 9, 'NN__alpha': 0.1}",50,0.555240793201,0.511396011396,0.521367521368,0.521306818182,0.521367521368,0.521306818182,0.00395163962765,6.24456446348e-06,0.0159830845359,0.00467199912352
30,0.0674130916595,0.00042454401652,0.478672985782,0.478672947423,0.1,"(2,)",10,"{'NN__hidden_layer_sizes': (2,), 'km__n_clusters': 10, 'NN__alpha': 0.1}",209,0.478753541076,0.478632478632,0.478632478632,0.478693181818,0.478632478632,0.478693181818,0.0021698970132,9.13350289571e-06,5.71232470904e-05,2.86157561669e-05
31,0.0686399936676,0.00042462348938,0.521327014218,0.521327052577,0.1,"(2,)",11,"{'NN__hidden_layer_sizes': (2,), 'km__n_clusters': 11, 'NN__alpha': 0.1}",65,0.521246458924,0.521367521368,0.521367521368,0.521306818182,0.521367521368,0.521306818182,0.00507922619208,1.07895932188e-05,5.71232470904e-05,2.86157561669e-05
32,0.0739523569743,0.000425974527995,0.521327014218,0.521327052577,0.1,"(2,)",12,"{'NN__hidden_layer_sizes': (2,), 'km__n_clusters': 12, 'NN__alpha': 0.1}",65,0.521246458924,0.521367521368,0.521367521368,0.521306818182,0.521367521368,0.521306818182,0.00338473091604,1.27240987416e-05,5.71232470904e-05,2.86157561669e-05
33,0.036116361618,0.000441948572795,0.572511848341,0.588100556851,0.1,"(10, 5)",2,"{'NN__hidden_layer_sizes': (10, 5), 'km__n_clusters': 2, 'NN__alpha': 0.1}",25,0.492917847025,0.534188034188,0.615384615385,0.615056818182,0.609686609687,0.615056818182,0.00266321698522,1.2913300399e-05,0.0564894016008,0.0381219103655
34,0.0426086584727,0.000429312388102,0.521327014218,0.521327052577,0.1,"(10, 5)",3,"{'NN__hidden_layer_sizes': (10, 5), 'km__n_clusters': 3, 'NN__alpha': 0.1}",65,0.521246458924,0.521367521368,0.521367521368,0.521306818182,0.521367521368,0.521306818182,0.00116475726839,4.8641026014e-06,5.71232470904e-05,2.86157561669e-05
35,0.0434799194336,0.000432014465332,0.521327014218,0.521327052577,0.1,"(10, 5)",4,"{'NN__hidden_layer_sizes': (10, 5), 'km__n_clusters': 4, 'NN__alpha': 0.1}",65,0.521246458924,0.521367521368,0.521367521368,0.521306818182,0.521367521368,0.521306818182,0.00433391514679,2.99687506914e-06,5.71232470904e-05,2.86157561669e-05
36,0.0444150765737,0.000444650650024,0.521327014218,0.521327052577,0.1,"(10, 5)",5,"{'NN__hidden_layer_sizes': (10, 5), 'km__n_clusters': 5, 'NN__alpha': 0.1}",65,0.521246458924,0.521367521368,0.521367521368,0.521306818182,0.521367521368,0.521306818182,0.00207564556116,6.23849293607e-06,5.71232470904e-05,2.86157561669e-05
37,0.0617753664653,0.000456968943278,0.530805687204,0.502828768454,0.1,"(10, 5)",6,"{'NN__hidden_layer_sizes': (10, 5), 'km__n_clusters': 6, 'NN__alpha': 0.1}",54,0.458923512748,0.487179487179,0.558404558405,0.497159090909,0.575498575499,0.524147727273,0.00200640691521,3.46231792939e-06,0.051447575388,0.0156156252195
38,0.0616930325826,0.000456651051839,0.4663507109,0.46399491712,0.1,"(10, 5)",7,"{'NN__hidden_layer_sizes': (10, 5), 'km__n_clusters': 7, 'NN__alpha': 0.1}",261,0.478753541076,0.478632478632,0.441595441595,0.434659090909,0.478632478632,0.478693181818,0.00375317012849,7.37771858551e-06,0.0174798065332,0.0207435764487
39,0.0597945849101,0.00047238667806,0.521327014218,0.521327052577,0.1,"(10, 5)",8,"{'NN__hidden_layer_sizes': (10, 5), 'km__n_clusters': 8, 'NN__alpha': 0.1}",65,0.521246458924,0.521367521368,0.521367521368,0.521306818182,0.521367521368,0.521306818182,0.00340545529079,1.59785911075e-05,5.71232470904e-05,2.86157561669e-05
40,0.0714787642161,0.000482002894084,0.556398104265,0.570612643529,0.1,"(10, 5)",9,"{'NN__hidden_layer_sizes': (10, 5), 'km__n_clusters': 9, 'NN__alpha': 0.1}",29,0.535410764873,0.566951566952,0.521367521368,0.521306818182,0.612535612536,0.623579545455,0.00419146902598,1.88298694396e-05,0.0400516309261,0.041832844331
41,0.0685783227285,0.000471989313761,0.521327014218,0.521327052577,0.1,"(10, 5)",10,"{'NN__hidden_layer_sizes': (10, 5), 'km__n_clusters': 10, 'NN__alpha': 0.1}",65,0.521246458924,0.521367521368,0.521367521368,0.521306818182,0.521367521368,0.521306818182,0.00271036369685,2.1706422621e-06,5.71232470904e-05,2.86157561669e-05
42,0.0737969080607,0.00047771135966,0.478672985782,0.478672947423,0.1,"(10, 5)",11,"{'NN__hidden_layer_sizes': (10, 5), 'km__n_clusters': 11, 'NN__alpha': 0.1}",209,0.478753541076,0.478632478632,0.478632478632,0.478693181818,0.478632478632,0.478693181818,0.0108464516132,7.39823603486e-06,5.71232470904e-05,2.86157561669e-05
43,0.0805290540059,0.000483274459839,0.545023696682,0.547911001036,0.1,"(10, 5)",12,"{'NN__hidden_layer_sizes': (10, 5), 'km__n_clusters': 12, 'NN__alpha': 0.1}",33,0.594900849858,0.594017094017,0.518518518519,0.528409090909,0.521367521368,0.521306818182,0.00593357099138,9.08705341673e-06,0.0353878933225,0.0327306118382
44,0.0357457002004,0.000401099522909,0.582938388626,0.61319795174,0.1,"(10,)",2,"{'NN__hidden_layer_sizes': (10,), 'km__n_clusters': 2, 'NN__alpha': 0.1}",9,0.475920679887,0.537037037037,0.641025641026,0.640625,0.632478632479,0.661931818182,0.00237539746159,1.63385839913e-05,0.0759682576344,0.0545518641387
45,0.0404533545176,0.000404596328735,0.521327014218,0.521327052577,0.1,"(10,)",3,"{'NN__hidden_layer_sizes': (10,), 'km__n_clusters': 3, 'NN__alpha': 0.1}",65,0.521246458924,0.521367521368,0.521367521368,0.521306818182,0.521367521368,0.521306818182,0.00101084162339,1.65399040859e-05,5.71232470904e-05,2.86157561669e-05
46,0.0428456465403,0.000404755274455,0.574407582938,0.602299706466,0.1,"(10,)",4,"{'NN__hidden_layer_sizes': (10,), 'km__n_clusters': 4, 'NN__alpha': 0.1}",17,0.529745042493,0.52849002849,0.566951566952,0.609375,0.626780626781,0.669034090909,0.00629327414969,6.63110416571e-06,0.0399813629641,0.0575945784732
47,0.0423726240794,0.000418345133464,0.521327014218,0.521327052577,0.1,"(10,)",5,"{'NN__hidden_layer_sizes': (10,), 'km__n_clusters': 5, 'NN__alpha': 0.1}",65,0.521246458924,0.521367521368,0.521367521368,0.521306818182,0.521367521368,0.521306818182,0.00204222895924,9.38923994356e-06,5.71232470904e-05,2.86157561669e-05
48,0.0566527048747,0.00041667620341,0.492890995261,0.497213049296,0.1,"(10,)",6,"{'NN__hidden_layer_sizes': (10,), 'km__n_clusters': 6, 'NN__alpha': 0.1}",203,0.515580736544,0.55698005698,0.527065527066,0.504261363636,0.435897435897,0.430397727273,0.00289025225537,1.18944085019e-06,0.0405157124149,0.0519167962533
49,0.0625723997752,0.000433286031087,0.58009478673,0.565393518519,0.1,"(10,)",7,"{'NN__hidden_layer_sizes': (10,), 'km__n_clusters': 7, 'NN__alpha': 0.1}",13,0.606232294618,0.555555555556,0.555555555556,0.566761363636,0.578347578348,0.573863636364,0.00158387126466,8.91301496833e-06,0.0207351455967,0.00753656446571
50,0.0576556523641,0.000426371892293,0.521327014218,0.521327052577,0.1,"(10,)",8,"{'NN__hidden_layer_sizes': (10,), 'km__n_clusters': 8, 'NN__alpha': 0.1}",65,0.521246458924,0.521367521368,0.521367521368,0.521306818182,0.521367521368,0.521306818182,0.00262077703056,1.38109105404e-06,5.71232470904e-05,2.86157561669e-05
51,0.0644959608714,0.000437339146932,0.512796208531,0.519439857982,0.1,"(10,)",9,"{'NN__hidden_layer_sizes': (10,), 'km__n_clusters': 9, 'NN__alpha': 0.1}",193,0.529745042493,0.52849002849,0.467236467236,0.497159090909,0.541310541311,0.532670454545,0.0018231732374,1.11426504326e-05,0.0325147812802,0.0158470486527
52,0.0668576558431,0.000442981719971,0.521327014218,0.521327052577,0.1,"(10,)",10,"{'NN__hidden_layer_sizes': (10,), 'km__n_clusters': 10, 'NN__alpha': 0.1}",65,0.521246458924,0.521367521368,0.521367521368,0.521306818182,0.521367521368,0.521306818182,0.00237684919012,9.28506966078e-06,5.71232470904e-05,2.86157561669e-05
53,0.0686966578166,0.00044329961141,0.478672985782,0.478672947423,0.1,"(10,)",11,"{'NN__hidden_layer_sizes': (10,), 'km__n_clusters': 11, 'NN__alpha': 0.1}",209,0.478753541076,0.478632478632,0.478632478632,0.478693181818,0.478632478632,0.478693181818,0.00519699237342,2.65729482926e-06,5.71232470904e-05,2.86157561669e-05
54,0.0738219420115,0.000471035639445,0.500473933649,0.493864931365,0.1,"(10,)",12,"{'NN__hidden_layer_sizes': (10,), 'km__n_clusters': 12, 'NN__alpha': 0.1}",197,0.521246458924,0.521367521368,0.458689458689,0.438920454545,0.521367521368,0.521306818182,0.00349277131921,3.04058217489e-05,0.0295041283056,0.0388516200515
55,0.0344377358754,0.000405629475911,0.474881516588,0.472513597514,0.1,"(3,)",2,"{'NN__hidden_layer_sizes': (3,), 'km__n_clusters': 2, 'NN__alpha': 0.1}",253,0.478753541076,0.474358974359,0.470085470085,0.471590909091,0.475783475783,0.471590909091,0.00425583370251,2.43843144902e-05,0.00359721475231,0.00130487848121
56,0.0403850873311,0.00039267539978,0.478672985782,0.478672947423,0.1,"(3,)",3,"{'NN__hidden_layer_sizes': (3,), 'km__n_clusters': 3, 'NN__alpha': 0.1}",209,0.478753541076,0.478632478632,0.478632478632,0.478693181818,0.478632478632,0.478693181818,0.000928513992775,9.84373310037e-06,5.71232470904e-05,2.86157561669e-05
57,0.0414910316467,0.000390370686849,0.521327014218,0.521327052577,0.1,"(3,)",4,"{'NN__hidden_layer_sizes': (3,), 'km__n_clusters': 4, 'NN__alpha': 0.1}",65,0.521246458924,0.521367521368,0.521367521368,0.521306818182,0.521367521368,0.521306818182,0.00415195891331,1.62093464966e-06,5.71232470904e-05,2.86157561669e-05
58,0.042028983434,0.000391960144043,0.521327014218,0.521327052577,0.1,"(3,)",5,"{'NN__hidden_layer_sizes': (3,), 'km__n_clusters': 5, 'NN__alpha': 0.1}",65,0.521246458924,0.521367521368,0.521367521368,0.521306818182,0.521367521368,0.521306818182,0.00209734128096,7.78671818664e-07,5.71232470904e-05,2.86157561669e-05
59,0.0592030684153,0.000394582748413,0.535545023697,0.531736974445,0.1,"(3,)",6,"{'NN__hidden_layer_sizes': (3,), 'km__n_clusters': 6, 'NN__alpha': 0.1}",46,0.555240793201,0.514245014245,0.430199430199,0.423295454545,0.621082621083,0.657670454545,0.00698915444383,5.1504299628e-07,0.0790966918915,0.0964793126703
60,0.0574246247609,0.000428676605225,0.521327014218,0.521800537426,0.1,"(3,)",7,"{'NN__hidden_layer_sizes': (3,), 'km__n_clusters': 7, 'NN__alpha': 0.1}",65,0.521246458924,0.521367521368,0.521367521368,0.521306818182,0.521367521368,0.522727272727,0.00402776471832,2.20000628134e-05,5.71232470904e-05,0.000655769247424
61,0.0585827032725,0.000407695770264,0.541232227488,0.531692458776,0.1,"(3,)",8,"{'NN__hidden_layer_sizes': (3,), 'km__n_clusters': 8, 'NN__alpha': 0.1}",38,0.473087818697,0.467236467236,0.598290598291,0.615056818182,0.552706552707,0.512784090909,0.00222307574229,1.85701393216e-06,0.0517756799644,0.0618107801813
62,0.0659797986348,0.000511964162191,0.57345971564,0.540324451783,0.1,"(3,)",9,"{'NN__hidden_layer_sizes': (3,), 'km__n_clusters': 9, 'NN__alpha': 0.1}",21,0.645892351275,0.582621082621,0.524216524217,0.518465909091,0.549857549858,0.519886363636,0.00390299765279,0.00012237143092,0.0524171719169,0.0299138558529
63,0.0676720142365,0.000414371490479,0.467298578199,0.496637043512,0.1,"(3,)",10,"{'NN__hidden_layer_sizes': (3,), 'km__n_clusters': 10, 'NN__alpha': 0.1}",257,0.393767705382,0.448717948718,0.478632478632,0.478693181818,0.529914529915,0.5625,0.00157282085709,5.1504299628e-07,0.0561807422638,0.0481530575551
64,0.0683480103811,0.00042732556661,0.481516587678,0.468294051627,0.1,"(3,)",11,"{'NN__hidden_layer_sizes': (3,), 'km__n_clusters': 11, 'NN__alpha': 0.1}",205,0.515580736544,0.518518518519,0.450142450142,0.401988636364,0.478632478632,0.484375,0.00675026310091,9.6244225282e-06,0.0268050897669,0.0489131954533
65,0.0733266671499,0.000425974527995,0.521327014218,0.521327052577,0.1,"(3,)",12,"{'NN__hidden_layer_sizes': (3,), 'km__n_clusters': 12, 'NN__alpha': 0.1}",65,0.521246458924,0.521367521368,0.521367521368,0.521306818182,0.521367521368,0.521306818182,0.00286161469813,1.12391596029e-07,5.71232470904e-05,2.86157561669e-05
66,0.0342036883036,0.000399986902873,0.521327014218,0.521327052577,0.01,"(5, 2)",2,"{'NN__hidden_layer_sizes': (5, 2), 'km__n_clusters': 2, 'NN__alpha': 0.01}",65,0.521246458924,0.521367521368,0.521367521368,0.521306818182,0.521367521368,0.521306818182,0.00242590060559,5.61957980145e-06,5.71232470904e-05,2.86157561669e-05
67,0.0440858999888,0.000427722930908,0.536492890995,0.544492737201,0.01,"(5, 2)",3,"{'NN__hidden_layer_sizes': (5, 2), 'km__n_clusters': 3, 'NN__alpha': 0.01}",42,0.532577903683,0.48433048433,0.575498575499,0.613636363636,0.501424501425,0.535511363636,0.00156940738014,1.76010406735e-05,0.0303392210214,0.0531695489862
68,0.0425480206807,0.000423351923625,0.521327014218,0.521327052577,0.01,"(5, 2)",4,"{'NN__hidden_layer_sizes': (5, 2), 'km__n_clusters': 4, 'NN__alpha': 0.01}",65,0.521246458924,0.521367521368,0.521367521368,0.521306818182,0.521367521368,0.521306818182,0.00450542137012,1.49074647075e-05,5.71232470904e-05,2.86157561669e-05
69,0.0491706530253,0.000416994094849,0.526066350711,0.530668598377,0.01,"(5, 2)",5,"{'NN__hidden_layer_sizes': (5, 2), 'km__n_clusters': 5, 'NN__alpha': 0.01}",58,0.402266288952,0.38603988604,0.527065527066,0.552556818182,0.649572649573,0.653409090909,0.00374456172458,1.34869915235e-06,0.101012293355,0.11024485945
70,0.0526973406474,0.000418265660604,0.521327014218,0.521327052577,0.01,"(5, 2)",6,"{'NN__hidden_layer_sizes': (5, 2), 'km__n_clusters': 6, 'NN__alpha': 0.01}",65,0.521246458924,0.521367521368,0.521367521368,0.521306818182,0.521367521368,0.521306818182,0.000667843432355,3.3169804819e-06,5.71232470904e-05,2.86157561669e-05
71,0.0629539489746,0.000447670618693,0.521327014218,0.521327052577,0.01,"(5, 2)",7,"{'NN__hidden_layer_sizes': (5, 2), 'km__n_clusters': 7, 'NN__alpha': 0.01}",65,0.521246458924,0.521367521368,0.521367521368,0.521306818182,0.521367521368,0.521306818182,0.00460543371525,1.88459627749e-05,5.71232470904e-05,2.86157561669e-05
72,0.0582402547201,0.000428676605225,0.521327014218,0.521327052577,0.01,"(5, 2)",8,"{'NN__hidden_layer_sizes': (5, 2), 'km__n_clusters': 8, 'NN__alpha': 0.01}",65,0.521246458924,0.521367521368,0.521367521368,0.521306818182,0.521367521368,0.521306818182,0.00293915324234,1.27652314537e-06,5.71232470904e-05,2.86157561669e-05
73,0.0610909461975,0.000433683395386,0.478672985782,0.478672947423,0.01,"(5, 2)",9,"{'NN__hidden_layer_sizes': (5, 2), 'km__n_clusters': 9, 'NN__alpha': 0.01}",209,0.478753541076,0.478632478632,0.478632478632,0.478693181818,0.478632478632,0.478693181818,0.00341503452846,1.01152436426e-06,5.71232470904e-05,2.86157561669e-05
74,0.0676039854685,0.00044059753418,0.521327014218,0.521327052577,0.01,"(5, 2)",10,"{'NN__hidden_layer_sizes': (5, 2), 'km__n_clusters': 10, 'NN__alpha': 0.01}",65,0.521246458924,0.521367521368,0.521367521368,0.521306818182,0.521367521368,0.521306818182,0.00210818148505,6.77992463469e-06,5.71232470904e-05,2.86157561669e-05
75,0.0855712890625,0.000449975331624,0.61990521327,0.625097125097,0.01,"(5, 2)",11,"{'NN__hidden_layer_sizes': (5, 2), 'km__n_clusters': 11, 'NN__alpha': 0.01}",1,0.643059490085,0.602564102564,0.638176638177,0.634943181818,0.578347578348,0.637784090909,0.0115508319064,7.07888633144e-06,0.0294116095133,0.0159754085909
76,0.0750826199849,0.000450293223063,0.521327014218,0.521327052577,0.01,"(5, 2)",12,"{'NN__hidden_layer_sizes': (5, 2), 'km__n_clusters': 12, 'NN__alpha': 0.01}",65,0.521246458924,0.521367521368,0.521367521368,0.521306818182,0.521367521368,0.521306818182,0.00339775579072,5.61957980145e-07,5.71232470904e-05,2.86157561669e-05
77,0.0336036682129,0.000382661819458,0.521327014218,0.521327052577,0.01,"(5,)",2,"{'NN__hidden_layer_sizes': (5,), 'km__n_clusters': 2, 'NN__alpha': 0.01}",65,0.521246458924,0.521367521368,0.521367521368,0.521306818182,0.521367521368,0.521306818182,0.00211408092911,3.37174788087e-06,5.71232470904e-05,2.86157561669e-05
78,0.0408617655436,0.000412305196126,0.521327014218,0.521327052577,0.01,"(5,)",3,"{'NN__hidden_layer_sizes': (5,), 'km__n_clusters': 3, 'NN__alpha': 0.01}",65,0.521246458924,0.521367521368,0.521367521368,0.521306818182,0.521367521368,0.521306818182,0.00118856327665,1.89242217989e-05,5.71232470904e-05,2.86157561669e-05
79,0.0412516593933,0.000407616297404,0.521327014218,0.521327052577,0.01,"(5,)",4,"{'NN__hidden_layer_sizes': (5,), 'km__n_clusters': 4, 'NN__alpha': 0.01}",65,0.521246458924,0.521367521368,0.521367521368,0.521306818182,0.521367521368,0.521306818182,0.00414925695473,2.63703834368e-05,5.71232470904e-05,2.86157561669e-05
80,0.0454743703206,0.000399986902873,0.587677725118,0.574316886817,0.01,"(5,)",5,"{'NN__hidden_layer_sizes': (5,), 'km__n_clusters': 5, 'NN__alpha': 0.01}",5,0.478753541076,0.478632478632,0.635327635328,0.600852272727,0.649572649573,0.643465909091,0.00628167260363,1.65563159434e-06,0.0774583554162,0.06985990733
81,0.0514375368754,0.000411748886108,0.521327014218,0.521327052577,0.01,"(5,)",6,"{'NN__hidden_layer_sizes': (5,), 'km__n_clusters': 6, 'NN__alpha': 0.01}",65,0.521246458924,0.521367521368,0.521367521368,0.521306818182,0.521367521368,0.521306818182,0.00120013074028,1.37554641354e-05,5.71232470904e-05,2.86157561669e-05
82,0.0554557641347,0.000406662623088,0.521327014218,0.520377384961,0.01,"(5,)",7,"{'NN__hidden_layer_sizes': (5,), 'km__n_clusters': 7, 'NN__alpha': 0.01}",65,0.521246458924,0.518518518519,0.521367521368,0.521306818182,0.521367521368,0.521306818182,0.00184111153724,1.18944085019e-06,5.71232470904e-05,0.0013144170666
83,0.0567024548848,0.000410000483195,0.478672985782,0.478672947423,0.01,"(5,)",8,"{'NN__hidden_layer_sizes': (5,), 'km__n_clusters': 8, 'NN__alpha': 0.01}",209,0.478753541076,0.478632478632,0.478632478632,0.478693181818,0.478632478632,0.478693181818,0.00228791878438,8.77806426461e-07,5.71232470904e-05,2.86157561669e-05
84,0.0600627263387,0.00041405359904,0.478672985782,0.478672947423,0.01,"(5,)",9,"{'NN__hidden_layer_sizes': (5,), 'km__n_clusters': 9, 'NN__alpha': 0.01}",209,0.478753541076,0.478632478632,0.478632478632,0.478693181818,0.478632478632,0.478693181818,0.00336317375857,1.65563159434e-06,5.71232470904e-05,2.86157561669e-05
85,0.065390030543,0.000421285629272,0.478672985782,0.478672947423,0.01,"(5,)",10,"{'NN__hidden_layer_sizes': (5,), 'km__n_clusters': 10, 'NN__alpha': 0.01}",209,0.478753541076,0.478632478632,0.478632478632,0.478693181818,0.478632478632,0.478693181818,0.00217035002626,2.05095416714e-06,5.71232470904e-05,2.86157561669e-05
86,0.0671405792236,0.000424782435099,0.478672985782,0.478672947423,0.01,"(5,)",11,"{'NN__hidden_layer_sizes': (5,), 'km__n_clusters': 11, 'NN__alpha': 0.01}",209,0.478753541076,0.478632478632,0.478632478632,0.478693181818,0.478632478632,0.478693181818,0.00488873427823,4.49566384116e-07,5.71232470904e-05,2.86157561669e-05
87,0.0730406443278,0.000431378682454,0.521327014218,0.521327052577,0.01,"(5,)",12,"{'NN__hidden_layer_sizes': (5,), 'km__n_clusters': 12, 'NN__alpha': 0.01}",65,0.521246458924,0.521367521368,0.521367521368,0.521306818182,0.521367521368,0.521306818182,0.0031931257697,3.70551529785e-06,5.71232470904e-05,2.86157561669e-05
88,0.0328312714895,0.000378052393595,0.521327014218,0.521327052577,0.01,"(2,)",2,"{'NN__hidden_layer_sizes': (2,), 'km__n_clusters': 2, 'NN__alpha': 0.01}",65,0.521246458924,0.521367521368,0.521367521368,0.521306818182,0.521367521368,0.521306818182,0.00241989657415,5.6732712738e-06,5.71232470904e-05,2.86157561669e-05
89,0.0397710005442,0.000377893447876,0.521327014218,0.521327052577,0.01,"(2,)",3,"{'NN__hidden_layer_sizes': (2,), 'km__n_clusters': 3, 'NN__alpha': 0.01}",65,0.521246458924,0.521367521368,0.521367521368,0.521306818182,0.521367521368,0.521306818182,0.00108462392144,0.0,5.71232470904e-05,2.86157561669e-05
90,0.0418090025584,0.000385363896688,0.524170616114,0.543580840456,0.01,"(2,)",4,"{'NN__hidden_layer_sizes': (2,), 'km__n_clusters': 4, 'NN__alpha': 0.01}",61,0.521246458924,0.521367521368,0.532763532764,0.555397727273,0.518518518519,0.553977272727,0.00569286239161,1.18944085019e-06,0.00616892750147,0.0157178896265
91,0.0417073567708,0.000389655431112,0.478672985782,0.478672947423,0.01,"(2,)",5,"{'NN__hidden_layer_sizes': (2,), 'km__n_clusters': 5, 'NN__alpha': 0.01}",209,0.478753541076,0.478632478632,0.478632478632,0.478693181818,0.478632478632,0.478693181818,0.00199475363425,2.46494013775e-06,5.71232470904e-05,2.86157561669e-05
92,0.0569876829783,0.00043519337972,0.478672985782,0.478672947423,0.01,"(2,)",6,"{'NN__hidden_layer_sizes': (2,), 'km__n_clusters': 6, 'NN__alpha': 0.01}",209,0.478753541076,0.478632478632,0.478632478632,0.478693181818,0.478632478632,0.478693181818,0.00329918777581,3.60300532362e-05,5.71232470904e-05,2.86157561669e-05
93,0.0635226567586,0.0004510084788,0.521327014218,0.521327052577,0.01,"(2,)",7,"{'NN__hidden_layer_sizes': (2,), 'km__n_clusters': 7, 'NN__alpha': 0.01}",65,0.521246458924,0.521367521368,0.521367521368,0.521306818182,0.521367521368,0.521306818182,0.00332977460788,5.19206599335e-05,5.71232470904e-05,2.86157561669e-05
94,0.0613172849019,0.000518004099528,0.521327014218,0.521327052577,0.01,"(2,)",8,"{'NN__hidden_layer_sizes': (2,), 'km__n_clusters': 8, 'NN__alpha': 0.01}",65,0.521246458924,0.521367521368,0.521367521368,0.521306818182,0.521367521368,0.521306818182,0.00385677567838,0.000115803765092,5.71232470904e-05,2.86157561669e-05
95,0.0624363422394,0.000406424204508,0.532701421801,0.51800321592,0.01,"(2,)",9,"{'NN__hidden_layer_sizes': (2,), 'km__n_clusters': 9, 'NN__alpha': 0.01}",50,0.555240793201,0.511396011396,0.521367521368,0.521306818182,0.521367521368,0.521306818182,0.0033323037756,2.06323543958e-06,0.0159830845359,0.00467199912352
96,0.0674296220144,0.000412623087565,0.478672985782,0.478672947423,0.01,"(2,)",10,"{'NN__hidden_layer_sizes': (2,), 'km__n_clusters': 10, 'NN__alpha': 0.01}",209,0.478753541076,0.478632478632,0.478632478632,0.478693181818,0.478632478632,0.478693181818,0.0023562250768,8.99132768232e-07,5.71232470904e-05,2.86157561669e-05
97,0.069539308548,0.000415643056234,0.521327014218,0.521327052577,0.01,"(2,)",11,"{'NN__hidden_layer_sizes': (2,), 'km__n_clusters': 11, 'NN__alpha': 0.01}",65,0.521246458924,0.521367521368,0.521367521368,0.521306818182,0.521367521368,0.521306818182,0.00461319765246,9.60274217414e-07,5.71232470904e-05,2.86157561669e-05
98,0.0744666258494,0.000427007675171,0.521327014218,0.521327052577,0.01,"(2,)",12,"{'NN__hidden_layer_sizes': (2,), 'km__n_clusters': 12, 'NN__alpha': 0.01}",65,0.521246458924,0.521367521368,0.521367521368,0.521306818182,0.521367521368,0.521306818182,0.00324592996203,5.64537068532e-06,5.71232470904e-05,2.86157561669e-05
99,0.0364776452382,0.000428597132365,0.572511848341,0.588100556851,0.01,"(10, 5)",2,"{'NN__hidden_layer_sizes': (10, 5), 'km__n_clusters': 2, 'NN__alpha': 0.01}",25,0.492917847025,0.534188034188,0.615384615385,0.615056818182,0.609686609687,0.615056818182,0.00255894723024,4.94906027379e-06,0.0564894016008,0.0381219103655
100,0.0436090628306,0.000424305597941,0.521327014218,0.521327052577,0.01,"(10, 5)",3,"{'NN__hidden_layer_sizes': (10, 5), 'km__n_clusters': 3, 'NN__alpha': 0.01}",65,0.521246458924,0.521367521368,0.521367521368,0.521306818182,0.521367521368,0.521306818182,0.000811593427176,1.70079346967e-06,5.71232470904e-05,2.86157561669e-05
101,0.0444773832957,0.000439325968424,0.521327014218,0.521327052577,0.01,"(10, 5)",4,"{'NN__hidden_layer_sizes': (10, 5), 'km__n_clusters': 4, 'NN__alpha': 0.01}",65,0.521246458924,0.521367521368,0.521367521368,0.521306818182,0.521367521368,0.521306818182,0.00399225412736,9.6735153546e-06,5.71232470904e-05,2.86157561669e-05
102,0.0463341077169,0.000438372294108,0.521327014218,0.521327052577,0.01,"(10, 5)",5,"{'NN__hidden_layer_sizes': (10, 5), 'km__n_clusters': 5, 'NN__alpha': 0.01}",65,0.521246458924,0.521367521368,0.521367521368,0.521306818182,0.521367521368,0.521306818182,0.00248238582339,1.29616311632e-06,5.71232470904e-05,2.86157561669e-05
103,0.0633886655172,0.000445048014323,0.529857819905,0.502828768454,0.01,"(10, 5)",6,"{'NN__hidden_layer_sizes': (10, 5), 'km__n_clusters': 6, 'NN__alpha': 0.01}",55,0.458923512748,0.487179487179,0.555555555556,0.497159090909,0.575498575499,0.524147727273,0.0019029156244,6.83651389046e-07,0.0509542432242,0.0156156252195
104,0.06298772494,0.000454266866048,0.4663507109,0.463521432271,0.01,"(10, 5)",7,"{'NN__hidden_layer_sizes': (10, 5), 'km__n_clusters': 7, 'NN__alpha': 0.01}",261,0.478753541076,0.478632478632,0.441595441595,0.433238636364,0.478632478632,0.478693181818,0.00396127864285,4.83283862925e-06,0.0174798065332,0.0214131846801
105,0.0612807273865,0.000461657842,0.521327014218,0.521327052577,0.01,"(10, 5)",8,"{'NN__hidden_layer_sizes': (10, 5), 'km__n_clusters': 8, 'NN__alpha': 0.01}",65,0.521246458924,0.521367521368,0.521367521368,0.521306818182,0.521367521368,0.521306818182,0.00255450956106,7.11626097537e-06,5.71232470904e-05,2.86157561669e-05
106,0.072740316391,0.000470956166585,0.556398104265,0.570612643529,0.01,"(10, 5)",9,"{'NN__hidden_layer_sizes': (10, 5), 'km__n_clusters': 9, 'NN__alpha': 0.01}",29,0.535410764873,0.566951566952,0.521367521368,0.521306818182,0.612535612536,0.623579545455,0.00480635700841,9.17283444661e-06,0.0400516309261,0.041832844331
107,0.0694696903229,0.000475327173869,0.521327014218,0.521327052577,0.01,"(10, 5)",10,"{'NN__hidden_layer_sizes': (10, 5), 'km__n_clusters': 10, 'NN__alpha': 0.01}",65,0.521246458924,0.521367521368,0.521367521368,0.521306818182,0.521367521368,0.521306818182,0.00227375905211,6.3449012935e-06,5.71232470904e-05,2.86157561669e-05
108,0.0715436935425,0.000473260879517,0.478672985782,0.478672947423,0.01,"(10, 5)",11,"{'NN__hidden_layer_sizes': (10, 5), 'km__n_clusters': 11, 'NN__alpha': 0.01}",209,0.478753541076,0.478632478632,0.478632478632,0.478693181818,0.478632478632,0.478693181818,0.00504034206194,1.40377058448e-06,5.71232470904e-05,2.86157561669e-05
109,0.0822513103485,0.000482638676961,0.545023696682,0.547911001036,0.01,"(10, 5)",12,"{'NN__hidden_layer_sizes': (10, 5), 'km__n_clusters': 12, 'NN__alpha': 0.01}",33,0.594900849858,0.594017094017,0.518518518519,0.528409090909,0.521367521368,0.521306818182,0.00521609010666,1.91065713249e-06,0.0353878933225,0.0327306118382
110,0.0376370747884,0.000404675801595,0.582938388626,0.61319795174,0.01,"(10,)",2,"{'NN__hidden_layer_sizes': (10,), 'km__n_clusters': 2, 'NN__alpha': 0.01}",9,0.475920679887,0.537037037037,0.641025641026,0.640625,0.632478632479,0.661931818182,0.00276050489031,1.06166936315e-05,0.0759682576344,0.0545518641387
111,0.0427157084147,0.000414292017619,0.521327014218,0.521327052577,0.01,"(10,)",3,"{'NN__hidden_layer_sizes': (10,), 'km__n_clusters': 3, 'NN__alpha': 0.01}",65,0.521246458924,0.521367521368,0.521367521368,0.521306818182,0.521367521368,0.521306818182,0.00106002942185,1.29308961231e-05,5.71232470904e-05,2.86157561669e-05
112,0.0446890989939,0.000406662623088,0.574407582938,0.602299706466,0.01,"(10,)",4,"{'NN__hidden_layer_sizes': (10,), 'km__n_clusters': 4, 'NN__alpha': 0.01}",17,0.529745042493,0.52849002849,0.566951566952,0.609375,0.626780626781,0.669034090909,0.00666824220102,5.1883057734e-06,0.0399813629641,0.0575945784732
113,0.045296271642,0.000415404637655,0.521327014218,0.521327052577,0.01,"(10,)",5,"{'NN__hidden_layer_sizes': (10,), 'km__n_clusters': 5, 'NN__alpha': 0.01}",65,0.521246458924,0.521367521368,0.521367521368,0.521306818182,0.521367521368,0.521306818182,0.00198654763242,6.13847462887e-06,5.71232470904e-05,2.86157561669e-05
114,0.0588782628377,0.000422318776449,0.492890995261,0.497213049296,0.01,"(10,)",6,"{'NN__hidden_layer_sizes': (10,), 'km__n_clusters': 6, 'NN__alpha': 0.01}",203,0.515580736544,0.55698005698,0.527065527066,0.504261363636,0.435897435897,0.430397727273,0.00229124715484,4.88741933871e-06,0.0405157124149,0.0519167962533
115,0.0630443890889,0.000422080357869,0.58009478673,0.565393518519,0.01,"(10,)",7,"{'NN__hidden_layer_sizes': (10,), 'km__n_clusters': 7, 'NN__alpha': 0.01}",13,0.606232294618,0.555555555556,0.555555555556,0.566761363636,0.578347578348,0.573863636364,0.00172316311066,8.77806426461e-07,0.0207351455967,0.00753656446571
116,0.0595115820567,0.000431617101034,0.521327014218,0.521327052577,0.01,"(10,)",8,"{'NN__hidden_layer_sizes': (10,), 'km__n_clusters': 8, 'NN__alpha': 0.01}",65,0.521246458924,0.521367521368,0.521367521368,0.521306818182,0.521367521368,0.521306818182,0.00244386067587,2.8366356369e-06,5.71232470904e-05,2.86157561669e-05
117,0.066383043925,0.000449895858765,0.512796208531,0.519439857982,0.01,"(10,)",9,"{'NN__hidden_layer_sizes': (10,), 'km__n_clusters': 9, 'NN__alpha': 0.01}",193,0.529745042493,0.52849002849,0.467236467236,0.497159090909,0.541310541311,0.532670454545,0.00176911163714,1.54965962999e-05,0.0325147812802,0.0158470486527
118,0.0947573184967,0.000588973363241,0.521327014218,0.521327052577,0.01,"(10,)",10,"{'NN__hidden_layer_sizes': (10,), 'km__n_clusters': 10, 'NN__alpha': 0.01}",65,0.521246458924,0.521367521368,0.521367521368,0.521306818182,0.521367521368,0.521306818182,0.0194059975016,0.00013781340915,5.71232470904e-05,2.86157561669e-05
119,0.0685333410899,0.000447988510132,0.478672985782,0.478672947423,0.01,"(10,)",11,"{'NN__hidden_layer_sizes': (10,), 'km__n_clusters': 11, 'NN__alpha': 0.01}",209,0.478753541076,0.478632478632,0.478632478632,0.478693181818,0.478632478632,0.478693181818,0.00526539991216,2.99687506914e-06,5.71232470904e-05,2.86157561669e-05
120,0.0734000205994,0.0004563331604,0.500473933649,0.493864931365,0.01,"(10,)",12,"{'NN__hidden_layer_sizes': (10,), 'km__n_clusters': 12, 'NN__alpha': 0.01}",197,0.521246458924,0.521367521368,0.458689458689,0.438920454545,0.521367521368,0.521306818182,0.0031118726921,1.24815409021e-05,0.0295041283056,0.0388516200515
121,0.0341133276622,0.000390370686849,0.474881516588,0.472513597514,0.01,"(3,)",2,"{'NN__hidden_layer_sizes': (3,), 'km__n_clusters': 2, 'NN__alpha': 0.01}",253,0.478753541076,0.474358974359,0.470085470085,0.471590909091,0.475783475783,0.471590909091,0.00388231745458,1.82659684926e-05,0.00359721475231,0.00130487848121
122,0.0398337841034,0.000380198160807,0.478672985782,0.478672947423,0.01,"(3,)",3,"{'NN__hidden_layer_sizes': (3,), 'km__n_clusters': 3, 'NN__alpha': 0.01}",209,0.478753541076,0.478632478632,0.478632478632,0.478693181818,0.478632478632,0.478693181818,0.00124887012368,1.29616311632e-06,5.71232470904e-05,2.86157561669e-05
123,0.040872335434,0.000391085942586,0.521327014218,0.521327052577,0.01,"(3,)",4,"{'NN__hidden_layer_sizes': (3,), 'km__n_clusters': 4, 'NN__alpha': 0.01}",65,0.521246458924,0.521367521368,0.521367521368,0.521306818182,0.521367521368,0.521306818182,0.00431577774151,3.78143859017e-06,5.71232470904e-05,2.86157561669e-05
124,0.0417653719584,0.000394264856974,0.521327014218,0.521327052577,0.01,"(3,)",5,"{'NN__hidden_layer_sizes': (3,), 'km__n_clusters': 5, 'NN__alpha': 0.01}",65,0.521246458924,0.521367521368,0.521367521368,0.521306818182,0.521367521368,0.521306818182,0.00200155304197,3.35107940711e-06,5.71232470904e-05,2.86157561669e-05
125,0.0587316354116,0.00039800008138,0.535545023697,0.531736974445,0.01,"(3,)",6,"{'NN__hidden_layer_sizes': (3,), 'km__n_clusters': 6, 'NN__alpha': 0.01}",46,0.555240793201,0.514245014245,0.430199430199,0.423295454545,0.621082621083,0.657670454545,0.00691288752944,1.65563159434e-06,0.0790966918915,0.0964793126703
126,0.0549879868825,0.000402132670085,0.521327014218,0.521800537426,0.01,"(3,)",7,"{'NN__hidden_layer_sizes': (3,), 'km__n_clusters': 7, 'NN__alpha': 0.01}",65,0.521246458924,0.521367521368,0.521367521368,0.521306818182,0.521367521368,0.522727272727,0.00161769877733,1.65563159434e-06,5.71232470904e-05,0.000655769247424
127,0.0578203996023,0.000405629475911,0.541232227488,0.531692458776,0.01,"(3,)",8,"{'NN__hidden_layer_sizes': (3,), 'km__n_clusters': 8, 'NN__alpha': 0.01}",38,0.473087818697,0.467236467236,0.598290598291,0.615056818182,0.552706552707,0.512784090909,0.00214802464607,2.06323543958e-06,0.0517756799644,0.0618107801813
128,0.0637113253276,0.000409603118896,0.57345971564,0.540324451783,0.01,"(3,)",9,"{'NN__hidden_layer_sizes': (3,), 'km__n_clusters': 9, 'NN__alpha': 0.01}",21,0.645892351275,0.582621082621,0.524216524217,0.518465909091,0.549857549858,0.519886363636,0.00299989189914,5.1504299628e-07,0.0524171719169,0.0299138558529
129,0.0654926300049,0.000414927800496,0.467298578199,0.496637043512,0.01,"(3,)",10,"{'NN__hidden_layer_sizes': (3,), 'km__n_clusters': 10, 'NN__alpha': 0.01}",257,0.393767705382,0.448717948718,0.478632478632,0.478693181818,0.529914529915,0.5625,0.00217279130091,5.15900687126e-06,0.0561807422638,0.0481530575551
130,0.0687490304311,0.000436623891195,0.481516587678,0.468294051627,0.01,"(3,)",11,"{'NN__hidden_layer_sizes': (3,), 'km__n_clusters': 11, 'NN__alpha': 0.01}",205,0.515580736544,0.518518518519,0.450142450142,0.401988636364,0.478632478632,0.484375,0.00578895812405,1.4400604983e-05,0.0268050897669,0.0489131954533
131,0.0747560660044,0.000434319178263,0.521327014218,0.521327052577,0.01,"(3,)",12,"{'NN__hidden_layer_sizes': (3,), 'km__n_clusters': 12, 'NN__alpha': 0.01}",65,0.521246458924,0.521367521368,0.521367521368,0.521306818182,0.521367521368,0.521306818182,0.00375715182289,8.13500899968e-06,5.71232470904e-05,2.86157561669e-05
132,0.0342626571655,0.000401655832926,0.521327014218,0.521327052577,0.001,"(5, 2)",2,"{'NN__hidden_layer_sizes': (5, 2), 'km__n_clusters': 2, 'NN__alpha': 0.001}",65,0.521246458924,0.521367521368,0.521367521368,0.521306818182,0.521367521368,0.521306818182,0.00248830212351,2.5703051295e-06,5.71232470904e-05,2.86157561669e-05
133,0.0448453426361,0.000440041224162,0.536492890995,0.544492737201,0.001,"(5, 2)",3,"{'NN__hidden_layer_sizes': (5, 2), 'km__n_clusters': 3, 'NN__alpha': 0.001}",42,0.532577903683,0.48433048433,0.575498575499,0.613636363636,0.501424501425,0.535511363636,0.00200790958025,3.19215876543e-05,0.0303392210214,0.0531695489862
134,0.0421706835429,0.000408331553141,0.521327014218,0.521327052577,0.001,"(5, 2)",4,"{'NN__hidden_layer_sizes': (5, 2), 'km__n_clusters': 4, 'NN__alpha': 0.001}",65,0.521246458924,0.521367521368,0.521367521368,0.521306818182,0.521367521368,0.521306818182,0.00403837077323,1.91065713249e-06,5.71232470904e-05,2.86157561669e-05
135,0.0493686199188,0.00043002764384,0.526066350711,0.530668598377,0.001,"(5, 2)",5,"{'NN__hidden_layer_sizes': (5, 2), 'km__n_clusters': 5, 'NN__alpha': 0.001}",58,0.402266288952,0.38603988604,0.527065527066,0.552556818182,0.649572649573,0.653409090909,0.00377600857433,1.85153002464e-05,0.101012293355,0.11024485945
136,0.0539453824361,0.000433683395386,0.521327014218,0.521327052577,0.001,"(5, 2)",6,"{'NN__hidden_layer_sizes': (5, 2), 'km__n_clusters': 6, 'NN__alpha': 0.001}",65,0.521246458924,0.521367521368,0.521367521368,0.521306818182,0.521367521368,0.521306818182,0.000698959468223,1.06214518138e-05,5.71232470904e-05,2.86157561669e-05
137,0.0586366653442,0.000435988108317,0.521327014218,0.521327052577,0.001,"(5, 2)",7,"{'NN__hidden_layer_sizes': (5, 2), 'km__n_clusters': 7, 'NN__alpha': 0.001}",65,0.521246458924,0.521367521368,0.521367521368,0.521306818182,0.521367521368,0.521306818182,0.00269005681356,9.97249814564e-06,5.71232470904e-05,2.86157561669e-05
138,0.0582429567973,0.000426054000854,0.521327014218,0.521327052577,0.001,"(5, 2)",8,"{'NN__hidden_layer_sizes': (5, 2), 'km__n_clusters': 8, 'NN__alpha': 0.001}",65,0.521246458924,0.521367521368,0.521367521368,0.521306818182,0.521367521368,0.521306818182,0.00240819292582,7.78671818664e-07,5.71232470904e-05,2.86157561669e-05
139,0.062432607015,0.000446081161499,0.478672985782,0.478672947423,0.001,"(5, 2)",9,"{'NN__hidden_layer_sizes': (5, 2), 'km__n_clusters': 9, 'NN__alpha': 0.001}",209,0.478753541076,0.478632478632,0.478632478632,0.478693181818,0.478632478632,0.478693181818,0.00396414919171,1.60397416988e-05,5.71232470904e-05,2.86157561669e-05
140,0.0667637189229,0.000450690587362,0.521327014218,0.521327052577,0.001,"(5, 2)",10,"{'NN__hidden_layer_sizes': (5, 2), 'km__n_clusters': 10, 'NN__alpha': 0.001}",65,0.521246458924,0.521367521368,0.521367521368,0.521306818182,0.521367521368,0.521306818182,0.00226681477698,1.08567023988e-05,5.71232470904e-05,2.86157561669e-05
141,0.0843352476756,0.00044329961141,0.61990521327,0.625097125097,0.001,"(5, 2)",11,"{'NN__hidden_layer_sizes': (5, 2), 'km__n_clusters': 11, 'NN__alpha': 0.001}",1,0.643059490085,0.602564102564,0.638176638177,0.634943181818,0.578347578348,0.637784090909,0.0112525436886,4.49566384116e-07,0.0294116095133,0.0159754085909
142,0.0741867224375,0.000447273254395,0.521327014218,0.521327052577,0.001,"(5, 2)",12,"{'NN__hidden_layer_sizes': (5, 2), 'km__n_clusters': 12, 'NN__alpha': 0.001}",65,0.521246458924,0.521367521368,0.521367521368,0.521306818182,0.521367521368,0.521306818182,0.00335294435755,1.01152436426e-06,5.71232470904e-05,2.86157561669e-05
143,0.0328814188639,0.000382582346598,0.521327014218,0.521327052577,0.001,"(5,)",2,"{'NN__hidden_layer_sizes': (5,), 'km__n_clusters': 2, 'NN__alpha': 0.001}",65,0.521246458924,0.521367521368,0.521367521368,0.521306818182,0.521367521368,0.521306818182,0.00240401087478,5.1883057734e-06,5.71232470904e-05,2.86157561669e-05
144,0.040052652359,0.000386317571004,0.521327014218,0.521327052577,0.001,"(5,)",3,"{'NN__hidden_layer_sizes': (5,), 'km__n_clusters': 3, 'NN__alpha': 0.001}",65,0.521246458924,0.521367521368,0.521367521368,0.521306818182,0.521367521368,0.521306818182,0.00126515470545,4.66526671137e-06,5.71232470904e-05,2.86157561669e-05
145,0.0408969720205,0.000393311182658,0.521327014218,0.521327052577,0.001,"(5,)",4,"{'NN__hidden_layer_sizes': (5,), 'km__n_clusters': 4, 'NN__alpha': 0.001}",65,0.521246458924,0.521367521368,0.521367521368,0.521306818182,0.521367521368,0.521306818182,0.00404780566569,6.18766519541e-06,5.71232470904e-05,2.86157561669e-05
146,0.0458232561747,0.000403086344401,0.587677725118,0.574316886817,0.001,"(5,)",5,"{'NN__hidden_layer_sizes': (5,), 'km__n_clusters': 5, 'NN__alpha': 0.001}",5,0.478753541076,0.478632478632,0.635327635328,0.600852272727,0.649572649573,0.643465909091,0.0066901178934,2.43399824001e-06,0.0774583554162,0.06985990733
147,0.052774031957,0.000408013661702,0.521327014218,0.521327052577,0.001,"(5,)",6,"{'NN__hidden_layer_sizes': (5,), 'km__n_clusters': 6, 'NN__alpha': 0.001}",65,0.521246458924,0.521367521368,0.521367521368,0.521306818182,0.521367521368,0.521306818182,0.000375551989982,2.88957897229e-06,5.71232470904e-05,2.86157561669e-05
148,0.0568839708964,0.000432014465332,0.521327014218,0.520377384961,0.001,"(5,)",7,"{'NN__hidden_layer_sizes': (5,), 'km__n_clusters': 7, 'NN__alpha': 0.001}",65,0.521246458924,0.518518518519,0.521367521368,0.521306818182,0.521367521368,0.521306818182,0.00377170785986,2.12188070586e-05,5.71232470904e-05,0.0013144170666
149,0.0581072966258,0.000439961751302,0.478672985782,0.478672947423,0.001,"(5,)",8,"{'NN__hidden_layer_sizes': (5,), 'km__n_clusters': 8, 'NN__alpha': 0.001}",209,0.478753541076,0.478632478632,0.478632478632,0.478693181818,0.478632478632,0.478693181818,0.00278285226995,2.72718155656e-05,5.71232470904e-05,2.86157561669e-05
150,0.0608126322428,0.000419060389201,0.478672985782,0.478672947423,0.001,"(5,)",9,"{'NN__hidden_layer_sizes': (5,), 'km__n_clusters': 9, 'NN__alpha': 0.001}",209,0.478753541076,0.478632478632,0.478632478632,0.478693181818,0.478632478632,0.478693181818,0.00323604668402,4.2708806491e-06,5.71232470904e-05,2.86157561669e-05
151,0.0668960412343,0.000462373097738,0.478672985782,0.478672947423,0.001,"(5,)",10,"{'NN__hidden_layer_sizes': (5,), 'km__n_clusters': 10, 'NN__alpha': 0.001}",209,0.478753541076,0.478632478632,0.478632478632,0.478693181818,0.478632478632,0.478693181818,0.00272094946411,3.39941383432e-05,5.71232470904e-05,2.86157561669e-05
152,0.0681580702464,0.000427643458049,0.478672985782,0.478672947423,0.001,"(5,)",11,"{'NN__hidden_layer_sizes': (5,), 'km__n_clusters': 11, 'NN__alpha': 0.001}",209,0.478753541076,0.478632478632,0.478632478632,0.478693181818,0.478632478632,0.478693181818,0.00513840940518,3.33975178233e-06,5.71232470904e-05,2.86157561669e-05
153,0.0737437407176,0.000455935796102,0.521327014218,0.521327052577,0.001,"(5,)",12,"{'NN__hidden_layer_sizes': (5,), 'km__n_clusters': 12, 'NN__alpha': 0.001}",65,0.521246458924,0.521367521368,0.521367521368,0.521306818182,0.521367521368,0.521306818182,0.00335849551742,3.75408120301e-05,5.71232470904e-05,2.86157561669e-05
154,0.0331519444784,0.000377655029297,0.521327014218,0.521327052577,0.001,"(2,)",2,"{'NN__hidden_layer_sizes': (2,), 'km__n_clusters': 2, 'NN__alpha': 0.001}",65,0.521246458924,0.521367521368,0.521367521368,0.521306818182,0.521367521368,0.521306818182,0.0024517059556,5.05762182131e-06,5.71232470904e-05,2.86157561669e-05
155,0.0416503747304,0.000450372695923,0.521327014218,0.521327052577,0.001,"(2,)",3,"{'NN__hidden_layer_sizes': (2,), 'km__n_clusters': 3, 'NN__alpha': 0.001}",65,0.521246458924,0.521367521368,0.521367521368,0.521306818182,0.521367521368,0.521306818182,0.00217411316356,0.000103014669227,5.71232470904e-05,2.86157561669e-05
156,0.0427182515462,0.000415325164795,0.524170616114,0.543580840456,0.001,"(2,)",4,"{'NN__hidden_layer_sizes': (2,), 'km__n_clusters': 4, 'NN__alpha': 0.001}",61,0.521246458924,0.521367521368,0.532763532764,0.555397727273,0.518518518519,0.553977272727,0.0059100936555,2.26259105952e-05,0.00616892750147,0.0157178896265
157,0.0461017290751,0.000405708948771,0.478672985782,0.478672947423,0.001,"(2,)",5,"{'NN__hidden_layer_sizes': (2,), 'km__n_clusters': 5, 'NN__alpha': 0.001}",209,0.478753541076,0.478632478632,0.478632478632,0.478693181818,0.478632478632,0.478693181818,0.00497668450714,1.8813762338e-05,5.71232470904e-05,2.86157561669e-05
158,0.0541501045227,0.00042986869812,0.478672985782,0.478672947423,0.001,"(2,)",6,"{'NN__hidden_layer_sizes': (2,), 'km__n_clusters': 6, 'NN__alpha': 0.001}",209,0.478753541076,0.478632478632,0.478632478632,0.478693181818,0.478632478632,0.478693181818,0.00114329507361,1.30427529626e-05,5.71232470904e-05,2.86157561669e-05
159,0.0606266657511,0.000440279642741,0.521327014218,0.521327052577,0.001,"(2,)",7,"{'NN__hidden_layer_sizes': (2,), 'km__n_clusters': 7, 'NN__alpha': 0.001}",65,0.521246458924,0.521367521368,0.521367521368,0.521306818182,0.521367521368,0.521306818182,0.00445076491518,7.10026736075e-06,5.71232470904e-05,2.86157561669e-05
160,0.0576056639353,0.000402371088664,0.521327014218,0.521327052577,0.001,"(2,)",8,"{'NN__hidden_layer_sizes': (2,), 'km__n_clusters': 8, 'NN__alpha': 0.001}",65,0.521246458924,0.521367521368,0.521367521368,0.521306818182,0.521367521368,0.521306818182,0.00253615509475,1.36730277809e-06,5.71232470904e-05,2.86157561669e-05
161,0.060949643453,0.000415325164795,0.532701421801,0.51800321592,0.001,"(2,)",9,"{'NN__hidden_layer_sizes': (2,), 'km__n_clusters': 9, 'NN__alpha': 0.001}",50,0.555240793201,0.511396011396,0.521367521368,0.521306818182,0.521367521368,0.521306818182,0.00347824613744,1.40498486076e-05,0.0159830845359,0.00467199912352
162,0.0661819775899,0.000421047210693,0.478672985782,0.478672947423,0.001,"(2,)",10,"{'NN__hidden_layer_sizes': (2,), 'km__n_clusters': 10, 'NN__alpha': 0.001}",209,0.478753541076,0.478632478632,0.478632478632,0.478693181818,0.478632478632,0.478693181818,0.00274899321103,1.26444291864e-05,5.71232470904e-05,2.86157561669e-05
163,0.0681899388631,0.000416914621989,0.521327014218,0.521327052577,0.001,"(2,)",11,"{'NN__hidden_layer_sizes': (2,), 'km__n_clusters': 11, 'NN__alpha': 0.001}",65,0.521246458924,0.521367521368,0.521367521368,0.521306818182,0.521367521368,0.521306818182,0.0047514809287,1.46109074838e-06,5.71232470904e-05,2.86157561669e-05
164,0.0738756656647,0.000455697377523,0.521327014218,0.521327052577,0.001,"(2,)",12,"{'NN__hidden_layer_sizes': (2,), 'km__n_clusters': 12, 'NN__alpha': 0.001}",65,0.521246458924,0.521367521368,0.521367521368,0.521306818182,0.521367521368,0.521306818182,0.00385853909419,2.39151252733e-05,5.71232470904e-05,2.86157561669e-05
165,0.0364756584167,0.000487009684245,0.572511848341,0.588100556851,0.001,"(10, 5)",2,"{'NN__hidden_layer_sizes': (10, 5), 'km__n_clusters': 2, 'NN__alpha': 0.001}",25,0.492917847025,0.534188034188,0.615384615385,0.615056818182,0.609686609687,0.615056818182,0.00228357978028,1.91887051058e-05,0.0564894016008,0.0381219103655
166,0.0430195331573,0.000428756078084,0.521327014218,0.521327052577,0.001,"(10, 5)",3,"{'NN__hidden_layer_sizes': (10, 5), 'km__n_clusters': 3, 'NN__alpha': 0.001}",65,0.521246458924,0.521367521368,0.521367521368,0.521306818182,0.521367521368,0.521306818182,0.000707884073877,3.89984262669e-06,5.71232470904e-05,2.86157561669e-05
167,0.0450043678284,0.000469923019409,0.521327014218,0.521327052577,0.001,"(10, 5)",4,"{'NN__hidden_layer_sizes': (10, 5), 'km__n_clusters': 4, 'NN__alpha': 0.001}",65,0.521246458924,0.521367521368,0.521367521368,0.521306818182,0.521367521368,0.521306818182,0.00444541337756,7.24991135394e-06,5.71232470904e-05,2.86157561669e-05
168,0.0457580089569,0.000469287236532,0.521327014218,0.521327052577,0.001,"(10, 5)",5,"{'NN__hidden_layer_sizes': (10, 5), 'km__n_clusters': 5, 'NN__alpha': 0.001}",65,0.521246458924,0.521367521368,0.521367521368,0.521306818182,0.521367521368,0.521306818182,0.00249400677096,8.87039590854e-06,5.71232470904e-05,2.86157561669e-05
169,0.0624306201935,0.000461260477702,0.529857819905,0.502828768454,0.001,"(10, 5)",6,"{'NN__hidden_layer_sizes': (10, 5), 'km__n_clusters': 6, 'NN__alpha': 0.001}",55,0.458923512748,0.487179487179,0.555555555556,0.497159090909,0.575498575499,0.524147727273,0.00255809338723,1.80877155888e-05,0.0509542432242,0.0156156252195
170,0.0639133453369,0.000524759292603,0.4663507109,0.463521432271,0.001,"(10, 5)",7,"{'NN__hidden_layer_sizes': (10, 5), 'km__n_clusters': 7, 'NN__alpha': 0.001}",261,0.478753541076,0.478632478632,0.441595441595,0.433238636364,0.478632478632,0.478693181818,0.0039995338707,5.68507089629e-05,0.0174798065332,0.0214131846801
171,0.0618179639181,0.000491301218669,0.521327014218,0.521327052577,0.001,"(10, 5)",8,"{'NN__hidden_layer_sizes': (10, 5), 'km__n_clusters': 8, 'NN__alpha': 0.001}",65,0.521246458924,0.521367521368,0.521367521368,0.521306818182,0.521367521368,0.521306818182,0.00234118270397,2.65736613317e-05,5.71232470904e-05,2.86157561669e-05
172,0.0726163387299,0.000471989313761,0.556398104265,0.570612643529,0.001,"(10, 5)",9,"{'NN__hidden_layer_sizes': (10, 5), 'km__n_clusters': 9, 'NN__alpha': 0.001}",29,0.535410764873,0.566951566952,0.521367521368,0.521306818182,0.612535612536,0.623579545455,0.00422586779659,1.02461445774e-05,0.0400516309261,0.041832844331
173,0.0756456057231,0.00050433476766,0.521327014218,0.521327052577,0.001,"(10, 5)",10,"{'NN__hidden_layer_sizes': (10, 5), 'km__n_clusters': 10, 'NN__alpha': 0.001}",65,0.521246458924,0.521367521368,0.521367521368,0.521306818182,0.521367521368,0.521306818182,0.00272132558796,2.24682016852e-05,5.71232470904e-05,2.86157561669e-05
174,0.0716433525085,0.000493367513021,0.478672985782,0.478672947423,0.001,"(10, 5)",11,"{'NN__hidden_layer_sizes': (10, 5), 'km__n_clusters': 11, 'NN__alpha': 0.001}",209,0.478753541076,0.478632478632,0.478632478632,0.478693181818,0.478632478632,0.478693181818,0.00626566110072,1.58882128393e-05,5.71232470904e-05,2.86157561669e-05
175,0.0842744509379,0.000518004099528,0.545023696682,0.547911001036,0.001,"(10, 5)",12,"{'NN__hidden_layer_sizes': (10, 5), 'km__n_clusters': 12, 'NN__alpha': 0.001}",33,0.594900849858,0.594017094017,0.518518518519,0.528409090909,0.521367521368,0.521306818182,0.00644304711507,2.73578321547e-05,0.0353878933225,0.0327306118382
176,0.0370465914408,0.000419060389201,0.582938388626,0.61319795174,0.001,"(10,)",2,"{'NN__hidden_layer_sizes': (10,), 'km__n_clusters': 2, 'NN__alpha': 0.001}",9,0.475920679887,0.537037037037,0.641025641026,0.640625,0.632478632479,0.661931818182,0.00264174449183,4.1226119878e-05,0.0759682576344,0.0545518641387
177,0.0409244696299,0.000394582748413,0.521327014218,0.521327052577,0.001,"(10,)",3,"{'NN__hidden_layer_sizes': (10,), 'km__n_clusters': 3, 'NN__alpha': 0.001}",65,0.521246458924,0.521367521368,0.521367521368,0.521306818182,0.521367521368,0.521306818182,0.00123921249059,5.29911774895e-06,5.71232470904e-05,2.86157561669e-05
178,0.0427819887797,0.000400384267171,0.574407582938,0.602299706466,0.001,"(10,)",4,"{'NN__hidden_layer_sizes': (10,), 'km__n_clusters': 4, 'NN__alpha': 0.001}",17,0.529745042493,0.52849002849,0.566951566952,0.609375,0.626780626781,0.669034090909,0.0062391541094,3.42932526436e-06,0.0399813629641,0.0575945784732
179,0.0428930918376,0.000417947769165,0.521327014218,0.521327052577,0.001,"(10,)",5,"{'NN__hidden_layer_sizes': (10,), 'km__n_clusters': 5, 'NN__alpha': 0.001}",65,0.521246458924,0.521367521368,0.521367521368,0.521306818182,0.521367521368,0.521306818182,0.00247954381835,1.55295743155e-05,5.71232470904e-05,2.86157561669e-05
180,0.0569926102956,0.000421682993571,0.494786729858,0.500536885954,0.001,"(10,)",6,"{'NN__hidden_layer_sizes': (10,), 'km__n_clusters': 6, 'NN__alpha': 0.001}",201,0.521246458924,0.566951566952,0.527065527066,0.504261363636,0.435897435897,0.430397727273,0.0050435842775,7.86741172203e-06,0.0416496975243,0.0558100443962
181,0.0612908999125,0.00042994817098,0.58009478673,0.565393518519,0.001,"(10,)",7,"{'NN__hidden_layer_sizes': (10,), 'km__n_clusters': 7, 'NN__alpha': 0.001}",13,0.606232294618,0.555555555556,0.555555555556,0.566761363636,0.578347578348,0.573863636364,0.0022267131783,7.19306214586e-06,0.0207351455967,0.00753656446571
182,0.0568333466848,0.000425974527995,0.521327014218,0.521327052577,0.001,"(10,)",8,"{'NN__hidden_layer_sizes': (10,), 'km__n_clusters': 8, 'NN__alpha': 0.001}",65,0.521246458924,0.521367521368,0.521367521368,0.521306818182,0.521367521368,0.521306818182,0.00264587088461,7.91303885008e-06,5.71232470904e-05,2.86157561669e-05
183,0.0641806920369,0.000442981719971,0.512796208531,0.519439857982,0.001,"(10,)",9,"{'NN__hidden_layer_sizes': (10,), 'km__n_clusters': 9, 'NN__alpha': 0.001}",193,0.529745042493,0.52849002849,0.467236467236,0.497159090909,0.541310541311,0.532670454545,0.002325285946,2.0600800111e-05,0.0325147812802,0.0158470486527
184,0.0662097930908,0.000447909037272,0.521327014218,0.521327052577,0.001,"(10,)",10,"{'NN__hidden_layer_sizes': (10,), 'km__n_clusters': 10, 'NN__alpha': 0.001}",65,0.521246458924,0.521367521368,0.521367521368,0.521306818182,0.521367521368,0.521306818182,0.00285435739211,1.71001514172e-05,5.71232470904e-05,2.86157561669e-05
185,0.0679806868235,0.0004563331604,0.478672985782,0.478672947423,0.001,"(10,)",11,"{'NN__hidden_layer_sizes': (10,), 'km__n_clusters': 11, 'NN__alpha': 0.001}",209,0.478753541076,0.478632478632,0.478632478632,0.478693181818,0.478632478632,0.478693181818,0.00473403743482,2.37758039352e-05,5.71232470904e-05,2.86157561669e-05
186,0.0755362510681,0.000455697377523,0.500473933649,0.493864931365,0.001,"(10,)",12,"{'NN__hidden_layer_sizes': (10,), 'km__n_clusters': 12, 'NN__alpha': 0.001}",197,0.521246458924,0.521367521368,0.458689458689,0.438920454545,0.521367521368,0.521306818182,0.00333273112671,1.57985169014e-05,0.0295041283056,0.0388516200515
187,0.0343166192373,0.000380992889404,0.474881516588,0.472513597514,0.001,"(3,)",2,"{'NN__hidden_layer_sizes': (3,), 'km__n_clusters': 2, 'NN__alpha': 0.001}",253,0.478753541076,0.474358974359,0.470085470085,0.471590909091,0.475783475783,0.471590909091,0.00343708788955,7.29420592345e-06,0.00359721475231,0.00130487848121
188,0.0415393511454,0.00041929880778,0.478672985782,0.478672947423,0.001,"(3,)",3,"{'NN__hidden_layer_sizes': (3,), 'km__n_clusters': 3, 'NN__alpha': 0.001}",209,0.478753541076,0.478632478632,0.478632478632,0.478693181818,0.478632478632,0.478693181818,0.000666365365514,2.06983702745e-05,5.71232470904e-05,2.86157561669e-05
189,0.0417702992757,0.000446637471517,0.521327014218,0.521327052577,0.001,"(3,)",4,"{'NN__hidden_layer_sizes': (3,), 'km__n_clusters': 4, 'NN__alpha': 0.001}",65,0.521246458924,0.521367521368,0.521367521368,0.521306818182,0.521367521368,0.521306818182,0.00366840859896,8.71069673669e-05,5.71232470904e-05,2.86157561669e-05
190,0.0428069432576,0.000533978144328,0.521327014218,0.521327052577,0.001,"(3,)",5,"{'NN__hidden_layer_sizes': (3,), 'km__n_clusters': 5, 'NN__alpha': 0.001}",65,0.521246458924,0.521367521368,0.521367521368,0.521306818182,0.521367521368,0.521306818182,0.00249033039504,0.000161258677088,5.71232470904e-05,2.86157561669e-05
191,0.0594816207886,0.000396331151326,0.535545023697,0.531736974445,0.001,"(3,)",6,"{'NN__hidden_layer_sizes': (3,), 'km__n_clusters': 6, 'NN__alpha': 0.001}",46,0.555240793201,0.514245014245,0.430199430199,0.423295454545,0.621082621083,0.657670454545,0.00725688561568,4.49566384116e-07,0.0790966918915,0.0964793126703
192,0.0554884274801,0.000402688980103,0.521327014218,0.521800537426,0.001,"(3,)",7,"{'NN__hidden_layer_sizes': (3,), 'km__n_clusters': 7, 'NN__alpha': 0.001}",65,0.521246458924,0.521367521368,0.521367521368,0.521306818182,0.521367521368,0.522727272727,0.00188751693489,1.27652314537e-06,5.71232470904e-05,0.000655769247424
193,0.06059161822,0.000527461369832,0.541232227488,0.531692458776,0.001,"(3,)",8,"{'NN__hidden_layer_sizes': (3,), 'km__n_clusters': 8, 'NN__alpha': 0.001}",38,0.473087818697,0.467236467236,0.598290598291,0.615056818182,0.552706552707,0.512784090909,0.00182193455015,9.13559793963e-05,0.0517756799644,0.0618107801813
194,0.0668196678162,0.000467618306478,0.57345971564,0.540324451783,0.001,"(3,)",9,"{'NN__hidden_layer_sizes': (3,), 'km__n_clusters': 9, 'NN__alpha': 0.001}",21,0.645892351275,0.582621082621,0.524216524217,0.518465909091,0.549857549858,0.519886363636,0.00341023561803,5.19257688099e-05,0.0524171719169,0.0299138558529
195,0.0709671974182,0.000451405843099,0.467298578199,0.496637043512,0.001,"(3,)",10,"{'NN__hidden_layer_sizes': (3,), 'km__n_clusters': 10, 'NN__alpha': 0.001}",257,0.393767705382,0.448717948718,0.478632478632,0.478693181818,0.529914529915,0.5625,0.00226406287288,4.14484297929e-05,0.0561807422638,0.0481530575551
196,0.0679454803467,0.00041929880778,0.481516587678,0.468294051627,0.001,"(3,)",11,"{'NN__hidden_layer_sizes': (3,), 'km__n_clusters': 11, 'NN__alpha': 0.001}",205,0.515580736544,0.518518518519,0.450142450142,0.401988636364,0.478632478632,0.484375,0.00617787106979,2.61416184161e-06,0.0268050897669,0.0489131954533
197,0.0731046199799,0.000423749287923,0.521327014218,0.521327052577,0.001,"(3,)",12,"{'NN__hidden_layer_sizes': (3,), 'km__n_clusters': 12, 'NN__alpha': 0.001}",65,0.521246458924,0.521367521368,0.521367521368,0.521306818182,0.521367521368,0.521306818182,0.0037733465993,2.06323543958e-06,5.71232470904e-05,2.86157561669e-05
198,0.0343050956726,0.000409921010335,0.521327014218,0.521327052577,0.0001,"(5, 2)",2,"{'NN__hidden_layer_sizes': (5, 2), 'km__n_clusters': 2, 'NN__alpha': 0.0001}",65,0.521246458924,0.521367521368,0.521367521368,0.521306818182,0.521367521368,0.521306818182,0.00249822191061,1.76980188099e-05,5.71232470904e-05,2.86157561669e-05
199,0.0449940363566,0.000423669815063,0.536492890995,0.544492737201,0.0001,"(5, 2)",3,"{'NN__hidden_layer_sizes': (5, 2), 'km__n_clusters': 3, 'NN__alpha': 0.0001}",42,0.532577903683,0.48433048433,0.575498575499,0.613636363636,0.501424501425,0.535511363636,0.00206513853942,1.23380174951e-05,0.0303392210214,0.0531695489862
200,0.0427060127258,0.000421603520711,0.521327014218,0.521327052577,0.0001,"(5, 2)",4,"{'NN__hidden_layer_sizes': (5, 2), 'km__n_clusters': 4, 'NN__alpha': 0.0001}",65,0.521246458924,0.521367521368,0.521367521368,0.521306818182,0.521367521368,0.521306818182,0.0042128425345,2.29066646103e-05,5.71232470904e-05,2.86157561669e-05
201,0.0496600468953,0.000430345535278,0.526066350711,0.530668598377,0.0001,"(5, 2)",5,"{'NN__hidden_layer_sizes': (5, 2), 'km__n_clusters': 5, 'NN__alpha': 0.0001}",58,0.402266288952,0.38603988604,0.527065527066,0.552556818182,0.649572649573,0.653409090909,0.00307261370291,1.90257428582e-05,0.101012293355,0.11024485945
202,0.0529766082764,0.00043527285258,0.521327014218,0.521327052577,0.0001,"(5, 2)",6,"{'NN__hidden_layer_sizes': (5, 2), 'km__n_clusters': 6, 'NN__alpha': 0.0001}",65,0.521246458924,0.521367521368,0.521367521368,0.521306818182,0.521367521368,0.521306818182,0.000667974146573,1.5365620658e-05,5.71232470904e-05,2.86157561669e-05
203,0.0573943456014,0.00047222773234,0.521327014218,0.521327052577,0.0001,"(5, 2)",7,"{'NN__hidden_layer_sizes': (5, 2), 'km__n_clusters': 7, 'NN__alpha': 0.0001}",65,0.521246458924,0.521367521368,0.521367521368,0.521306818182,0.521367521368,0.521306818182,0.00129263659015,7.12193007017e-05,5.71232470904e-05,2.86157561669e-05
204,0.0637413660685,0.000445683797201,0.521327014218,0.521327052577,0.0001,"(5, 2)",8,"{'NN__hidden_layer_sizes': (5, 2), 'km__n_clusters': 8, 'NN__alpha': 0.0001}",65,0.521246458924,0.521367521368,0.521367521368,0.521306818182,0.521367521368,0.521306818182,0.00597093895642,1.02350429909e-05,5.71232470904e-05,2.86157561669e-05
205,0.0612183411916,0.000430663426717,0.478672985782,0.478672947423,0.0001,"(5, 2)",9,"{'NN__hidden_layer_sizes': (5, 2), 'km__n_clusters': 9, 'NN__alpha': 0.0001}",209,0.478753541076,0.478632478632,0.478632478632,0.478693181818,0.478632478632,0.478693181818,0.003387608393,1.29616311632e-06,5.71232470904e-05,2.86157561669e-05
206,0.0675649642944,0.000447034835815,0.521327014218,0.521327052577,0.0001,"(5, 2)",10,"{'NN__hidden_layer_sizes': (5, 2), 'km__n_clusters': 10, 'NN__alpha': 0.0001}",65,0.521246458924,0.521367521368,0.521367521368,0.521306818182,0.521367521368,0.521306818182,0.00219794808361,1.07173504987e-05,5.71232470904e-05,2.86157561669e-05
207,0.085458278656,0.000445683797201,0.61990521327,0.625097125097,0.0001,"(5, 2)",11,"{'NN__hidden_layer_sizes': (5, 2), 'km__n_clusters': 11, 'NN__alpha': 0.0001}",1,0.643059490085,0.602564102564,0.638176638177,0.634943181818,0.578347578348,0.637784090909,0.0113155723768,2.46494013775e-06,0.0294116095133,0.0159754085909
208,0.0757567087809,0.00044592221578,0.521327014218,0.521327052577,0.0001,"(5, 2)",12,"{'NN__hidden_layer_sizes': (5, 2), 'km__n_clusters': 12, 'NN__alpha': 0.0001}",65,0.521246458924,0.521367521368,0.521367521368,0.521306818182,0.521367521368,0.521306818182,0.00414622626043,2.1706422621e-06,5.71232470904e-05,2.86157561669e-05
209,0.0339139302572,0.000392993291219,0.521327014218,0.521327052577,0.0001,"(5,)",2,"{'NN__hidden_layer_sizes': (5,), 'km__n_clusters': 2, 'NN__alpha': 0.0001}",65,0.521246458924,0.521367521368,0.521367521368,0.521306818182,0.521367521368,0.521306818182,0.00277347338273,7.86741172203e-07,5.71232470904e-05,2.86157561669e-05
210,0.0406356652578,0.000502586364746,0.521327014218,0.521327052577,0.0001,"(5,)",3,"{'NN__hidden_layer_sizes': (5,), 'km__n_clusters': 3, 'NN__alpha': 0.0001}",65,0.521246458924,0.521367521368,0.521367521368,0.521306818182,0.521367521368,0.521306818182,0.00130201769769,7.58653263494e-05,5.71232470904e-05,2.86157561669e-05
211,0.0411109924316,0.000393390655518,0.521327014218,0.521327052577,0.0001,"(5,)",4,"{'NN__hidden_layer_sizes': (5,), 'km__n_clusters': 4, 'NN__alpha': 0.0001}",65,0.521246458924,0.521367521368,0.521367521368,0.521306818182,0.521367521368,0.521306818182,0.004577456763,2.93942165516e-06,5.71232470904e-05,2.86157561669e-05
212,0.0473603407542,0.000407695770264,0.587677725118,0.574316886817,0.0001,"(5,)",5,"{'NN__hidden_layer_sizes': (5,), 'km__n_clusters': 5, 'NN__alpha': 0.0001}",5,0.478753541076,0.478632478632,0.635327635328,0.600852272727,0.649572649573,0.643465909091,0.00925126678345,1.79379944912e-05,0.0774583554162,0.06985990733
213,0.0540945529938,0.000420014063517,0.521327014218,0.521327052577,0.0001,"(5,)",6,"{'NN__hidden_layer_sizes': (5,), 'km__n_clusters': 6, 'NN__alpha': 0.0001}",65,0.521246458924,0.521367521368,0.521367521368,0.521306818182,0.521367521368,0.521306818182,0.00144780235262,6.47496558891e-06,5.71232470904e-05,2.86157561669e-05
214,0.0565013090769,0.000419934590658,0.521327014218,0.520377384961,0.0001,"(5,)",7,"{'NN__hidden_layer_sizes': (5,), 'km__n_clusters': 7, 'NN__alpha': 0.0001}",65,0.521246458924,0.518518518519,0.521367521368,0.521306818182,0.521367521368,0.521306818182,0.00184290043271,1.42018689611e-05,5.71232470904e-05,0.0013144170666
215,0.063424428304,0.000457286834717,0.478672985782,0.478672947423,0.0001,"(5,)",8,"{'NN__hidden_layer_sizes': (5,), 'km__n_clusters': 8, 'NN__alpha': 0.0001}",209,0.478753541076,0.478632478632,0.478632478632,0.478693181818,0.478632478632,0.478693181818,0.00838727178246,3.63935372706e-05,5.71232470904e-05,2.86157561669e-05
216,0.0602600574493,0.000413258870443,0.478672985782,0.478672947423,0.0001,"(5,)",9,"{'NN__hidden_layer_sizes': (5,), 'km__n_clusters': 9, 'NN__alpha': 0.0001}",209,0.478753541076,0.478632478632,0.478632478632,0.478693181818,0.478632478632,0.478693181818,0.00341992669406,8.99132768232e-07,5.71232470904e-05,2.86157561669e-05
217,0.0666385491689,0.000430425008138,0.478672985782,0.478672947423,0.0001,"(5,)",10,"{'NN__hidden_layer_sizes': (5,), 'km__n_clusters': 10, 'NN__alpha': 0.0001}",209,0.478753541076,0.478632478632,0.478632478632,0.478693181818,0.478632478632,0.478693181818,0.00219227009527,1.53298181803e-05,5.71232470904e-05,2.86157561669e-05
218,0.067769686381,0.000425656636556,0.478672985782,0.478672947423,0.0001,"(5,)",11,"{'NN__hidden_layer_sizes': (5,), 'km__n_clusters': 11, 'NN__alpha': 0.0001}",209,0.478753541076,0.478632478632,0.478632478632,0.478693181818,0.478632478632,0.478693181818,0.00568232682699,1.91065713249e-06,5.71232470904e-05,2.86157561669e-05
219,0.0733952522278,0.000434080759684,0.521327014218,0.521327052577,0.0001,"(5,)",12,"{'NN__hidden_layer_sizes': (5,), 'km__n_clusters': 12, 'NN__alpha': 0.0001}",65,0.521246458924,0.521367521368,0.521367521368,0.521306818182,0.521367521368,0.521306818182,0.00343078225417,4.6326610698e-06,5.71232470904e-05,2.86157561669e-05
220,0.0333805084229,0.000381708145142,0.521327014218,0.521327052577,0.0001,"(2,)",2,"{'NN__hidden_layer_sizes': (2,), 'km__n_clusters': 2, 'NN__alpha': 0.0001}",65,0.521246458924,0.521367521368,0.521367521368,0.521306818182,0.521367521368,0.521306818182,0.0023910137237,8.8440117793e-06,5.71232470904e-05,2.86157561669e-05
221,0.0406885941823,0.000387032826742,0.521327014218,0.521327052577,0.0001,"(2,)",3,"{'NN__hidden_layer_sizes': (2,), 'km__n_clusters': 3, 'NN__alpha': 0.0001}",65,0.521246458924,0.521367521368,0.521367521368,0.521306818182,0.521367521368,0.521306818182,0.0013566985363,9.41946181617e-06,5.71232470904e-05,2.86157561669e-05
222,0.0425763924917,0.000399986902873,0.524170616114,0.543580840456,0.0001,"(2,)",4,"{'NN__hidden_layer_sizes': (2,), 'km__n_clusters': 4, 'NN__alpha': 0.0001}",61,0.521246458924,0.521367521368,0.532763532764,0.555397727273,0.518518518519,0.553977272727,0.00606585989697,1.91422388933e-05,0.00616892750147,0.0157178896265
223,0.0417909622192,0.000392913818359,0.478672985782,0.478672947423,0.0001,"(2,)",5,"{'NN__hidden_layer_sizes': (2,), 'km__n_clusters': 5, 'NN__alpha': 0.0001}",209,0.478753541076,0.478632478632,0.478632478632,0.478693181818,0.478632478632,0.478693181818,0.00176132993242,7.84248552484e-06,5.71232470904e-05,2.86157561669e-05
224,0.0521783828735,0.000397523244222,0.478672985782,0.478672947423,0.0001,"(2,)",6,"{'NN__hidden_layer_sizes': (2,), 'km__n_clusters': 6, 'NN__alpha': 0.0001}",209,0.478753541076,0.478632478632,0.478632478632,0.478693181818,0.478632478632,0.478693181818,0.000760849633646,6.13847462887e-06,5.71232470904e-05,2.86157561669e-05
225,0.0563939412435,0.000403722127279,0.521327014218,0.521327052577,0.0001,"(2,)",7,"{'NN__hidden_layer_sizes': (2,), 'km__n_clusters': 7, 'NN__alpha': 0.0001}",65,0.521246458924,0.521367521368,0.521367521368,0.521306818182,0.521367521368,0.521306818182,0.00182593301485,1.15828796239e-05,5.71232470904e-05,2.86157561669e-05
226,0.0571346282959,0.000404040018717,0.521327014218,0.521327052577,0.0001,"(2,)",8,"{'NN__hidden_layer_sizes': (2,), 'km__n_clusters': 8, 'NN__alpha': 0.0001}",65,0.521246458924,0.521367521368,0.521367521368,0.521306818182,0.521367521368,0.521306818182,0.00199703325173,3.50582520169e-06,5.71232470904e-05,2.86157561669e-05
227,0.061768690745,0.00041405359904,0.532701421801,0.51800321592,0.0001,"(2,)",9,"{'NN__hidden_layer_sizes': (2,), 'km__n_clusters': 9, 'NN__alpha': 0.0001}",50,0.555240793201,0.511396011396,0.521367521368,0.521306818182,0.521367521368,0.521306818182,0.00343309003906,1.49455469081e-05,0.0159830845359,0.00467199912352
228,0.0699902375539,0.000430663426717,0.478672985782,0.478672947423,0.0001,"(2,)",10,"{'NN__hidden_layer_sizes': (2,), 'km__n_clusters': 10, 'NN__alpha': 0.0001}",209,0.478753541076,0.478632478632,0.478632478632,0.478693181818,0.478632478632,0.478693181818,0.00490142074781,1.76926649132e-05,5.71232470904e-05,2.86157561669e-05
229,0.0675309499105,0.000418345133464,0.521327014218,0.521327052577,0.0001,"(2,)",11,"{'NN__hidden_layer_sizes': (2,), 'km__n_clusters': 11, 'NN__alpha': 0.0001}",65,0.521246458924,0.521367521368,0.521367521368,0.521306818182,0.521367521368,0.521306818182,0.00441063831965,5.25723629269e-06,5.71232470904e-05,2.86157561669e-05
230,0.0747020244598,0.000419696172078,0.521327014218,0.521327052577,0.0001,"(2,)",12,"{'NN__hidden_layer_sizes': (2,), 'km__n_clusters': 12, 'NN__alpha': 0.0001}",65,0.521246458924,0.521367521368,0.521367521368,0.521306818182,0.521367521368,0.521306818182,0.00473083782852,2.06323543958e-06,5.71232470904e-05,2.86157561669e-05
231,0.035762945811,0.000427643458049,0.572511848341,0.588100556851,0.0001,"(10, 5)",2,"{'NN__hidden_layer_sizes': (10, 5), 'km__n_clusters': 2, 'NN__alpha': 0.0001}",25,0.492917847025,0.534188034188,0.615384615385,0.615056818182,0.609686609687,0.615056818182,0.00262974809636,8.73261726915e-06,0.0564894016008,0.0381219103655
232,0.0427596569061,0.000439008076986,0.521327014218,0.521327052577,0.0001,"(10, 5)",3,"{'NN__hidden_layer_sizes': (10, 5), 'km__n_clusters': 3, 'NN__alpha': 0.0001}",65,0.521246458924,0.521367521368,0.521367521368,0.521306818182,0.521367521368,0.521306818182,0.000849156680118,2.19503405471e-05,5.71232470904e-05,2.86157561669e-05
233,0.0438953240712,0.000441551208496,0.521327014218,0.521327052577,0.0001,"(10, 5)",4,"{'NN__hidden_layer_sizes': (10, 5), 'km__n_clusters': 4, 'NN__alpha': 0.0001}",65,0.521246458924,0.521367521368,0.521367521368,0.521306818182,0.521367521368,0.521306818182,0.00445018055027,2.36150764267e-05,5.71232470904e-05,2.86157561669e-05
234,0.0440016587575,0.000450611114502,0.521327014218,0.521327052577,0.0001,"(10, 5)",5,"{'NN__hidden_layer_sizes': (10, 5), 'km__n_clusters': 5, 'NN__alpha': 0.0001}",65,0.521246458924,0.521367521368,0.521367521368,0.521306818182,0.521367521368,0.521306818182,0.00215011231215,1.52972352941e-05,5.71232470904e-05,2.86157561669e-05
235,0.0608044465383,0.000442028045654,0.529857819905,0.502828768454,0.0001,"(10, 5)",6,"{'NN__hidden_layer_sizes': (10, 5), 'km__n_clusters': 6, 'NN__alpha': 0.0001}",55,0.458923512748,0.487179487179,0.555555555556,0.497159090909,0.575498575499,0.524147727273,0.00176591940738,0.0,0.0509542432242,0.0156156252195
236,0.0605990886688,0.000459909439087,0.4663507109,0.463521432271,0.0001,"(10, 5)",7,"{'NN__hidden_layer_sizes': (10, 5), 'km__n_clusters': 7, 'NN__alpha': 0.0001}",261,0.478753541076,0.478632478632,0.441595441595,0.433238636364,0.478632478632,0.478693181818,0.00371807242702,1.41827328658e-05,0.0174798065332,0.0214131846801
237,0.0623873074849,0.000494639078776,0.521327014218,0.521327052577,0.0001,"(10, 5)",8,"{'NN__hidden_layer_sizes': (10, 5), 'km__n_clusters': 8, 'NN__alpha': 0.0001}",65,0.521246458924,0.521367521368,0.521367521368,0.521306818182,0.521367521368,0.521306818182,0.00350872974028,3.68443925923e-05,5.71232470904e-05,2.86157561669e-05
238,0.0714026292165,0.000480651855469,0.556398104265,0.570612643529,0.0001,"(10, 5)",9,"{'NN__hidden_layer_sizes': (10, 5), 'km__n_clusters': 9, 'NN__alpha': 0.0001}",29,0.535410764873,0.566951566952,0.521367521368,0.521306818182,0.612535612536,0.623579545455,0.00634913236296,2.18540249215e-05,0.0400516309261,0.041832844331
239,0.0676952997843,0.000465393066406,0.521327014218,0.521327052577,0.0001,"(10, 5)",10,"{'NN__hidden_layer_sizes': (10, 5), 'km__n_clusters': 10, 'NN__alpha': 0.0001}",65,0.521246458924,0.521367521368,0.521367521368,0.521306818182,0.521367521368,0.521306818182,0.00249781366591,2.36022351661e-06,5.71232470904e-05,2.86157561669e-05
240,0.0693892637889,0.000496784845988,0.478672985782,0.478672947423,0.0001,"(10, 5)",11,"{'NN__hidden_layer_sizes': (10, 5), 'km__n_clusters': 11, 'NN__alpha': 0.0001}",209,0.478753541076,0.478632478632,0.478632478632,0.478693181818,0.478632478632,0.478693181818,0.00512556346375,3.20997560389e-05,5.71232470904e-05,2.86157561669e-05
241,0.0805473327637,0.000480651855469,0.545023696682,0.547911001036,0.0001,"(10, 5)",12,"{'NN__hidden_layer_sizes': (10, 5), 'km__n_clusters': 12, 'NN__alpha': 0.0001}",33,0.594900849858,0.594017094017,0.518518518519,0.528409090909,0.521367521368,0.521306818182,0.00583562806976,2.02304872852e-06,0.0353878933225,0.0327306118382
242,0.0355953375498,0.000425736109416,0.582938388626,0.61319795174,0.0001,"(10,)",2,"{'NN__hidden_layer_sizes': (10,), 'km__n_clusters': 2, 'NN__alpha': 0.0001}",9,0.475920679887,0.537037037037,0.641025641026,0.640625,0.632478632479,0.661931818182,0.00246162412837,3.27536185516e-05,0.0759682576344,0.0545518641387
243,0.0401919682821,0.000394662221273,0.521327014218,0.521327052577,0.0001,"(10,)",3,"{'NN__hidden_layer_sizes': (10,), 'km__n_clusters': 3, 'NN__alpha': 0.0001}",65,0.521246458924,0.521367521368,0.521367521368,0.521306818182,0.521367521368,0.521306818182,0.00100978350013,1.70079346967e-06,5.71232470904e-05,2.86157561669e-05
244,0.0432276725769,0.000413656234741,0.574407582938,0.602299706466,0.0001,"(10,)",4,"{'NN__hidden_layer_sizes': (10,), 'km__n_clusters': 4, 'NN__alpha': 0.0001}",17,0.529745042493,0.52849002849,0.566951566952,0.609375,0.626780626781,0.669034090909,0.00643805425565,2.01657585657e-05,0.0399813629641,0.0575945784732
245,0.0422120094299,0.000410556793213,0.521327014218,0.521327052577,0.0001,"(10,)",5,"{'NN__hidden_layer_sizes': (10,), 'km__n_clusters': 5, 'NN__alpha': 0.0001}",65,0.521246458924,0.521367521368,0.521367521368,0.521306818182,0.521367521368,0.521306818182,0.00200647889972,6.63300883448e-06,5.71232470904e-05,2.86157561669e-05
246,0.0576323668162,0.000423987706502,0.494786729858,0.500536885954,0.0001,"(10,)",6,"{'NN__hidden_layer_sizes': (10,), 'km__n_clusters': 6, 'NN__alpha': 0.0001}",201,0.521246458924,0.566951566952,0.527065527066,0.504261363636,0.435897435897,0.430397727273,0.00458123358147,1.5622431848e-05,0.0416496975243,0.0558100443962
247,0.0615240732829,0.00042994817098,0.58009478673,0.565393518519,0.0001,"(10,)",7,"{'NN__hidden_layer_sizes': (10,), 'km__n_clusters': 7, 'NN__alpha': 0.0001}",13,0.606232294618,0.555555555556,0.555555555556,0.566761363636,0.578347578348,0.573863636364,0.00253165376667,5.91205435225e-06,0.0207351455967,0.00753656446571
248,0.0563097000122,0.000433603922526,0.521327014218,0.521327052577,0.0001,"(10,)",8,"{'NN__hidden_layer_sizes': (10,), 'km__n_clusters': 8, 'NN__alpha': 0.0001}",65,0.521246458924,0.521367521368,0.521367521368,0.521306818182,0.521367521368,0.521306818182,0.00206205126485,1.23062382439e-05,5.71232470904e-05,2.86157561669e-05
249,0.062978665034,0.000429709752401,0.512796208531,0.519439857982,0.0001,"(10,)",9,"{'NN__hidden_layer_sizes': (10,), 'km__n_clusters': 9, 'NN__alpha': 0.0001}",193,0.529745042493,0.52849002849,0.467236467236,0.497159090909,0.541310541311,0.532670454545,0.00182707496392,7.86741172203e-07,0.0325147812802,0.0158470486527
250,0.0659650961558,0.000449975331624,0.521327014218,0.521327052577,0.0001,"(10,)",10,"{'NN__hidden_layer_sizes': (10,), 'km__n_clusters': 10, 'NN__alpha': 0.0001}",65,0.521246458924,0.521367521368,0.521367521368,0.521306818182,0.521367521368,0.521306818182,0.00191673514596,1.41269574815e-05,5.71232470904e-05,2.86157561669e-05
251,0.0675560633341,0.000459273656209,0.478672985782,0.478672947423,0.0001,"(10,)",11,"{'NN__hidden_layer_sizes': (10,), 'km__n_clusters': 11, 'NN__alpha': 0.0001}",209,0.478753541076,0.478632478632,0.478632478632,0.478693181818,0.478632478632,0.478693181818,0.0052324208022,2.16915780336e-05,5.71232470904e-05,2.86157561669e-05
252,0.0735950469971,0.000447909037272,0.500473933649,0.493864931365,0.0001,"(10,)",12,"{'NN__hidden_layer_sizes': (10,), 'km__n_clusters': 12, 'NN__alpha': 0.0001}",197,0.521246458924,0.521367521368,0.458689458689,0.438920454545,0.521367521368,0.521306818182,0.00349771963808,8.77806426461e-07,0.0295041283056,0.0388516200515
253,0.0338620344798,0.000382900238037,0.474881516588,0.472513597514,0.0001,"(3,)",2,"{'NN__hidden_layer_sizes': (3,), 'km__n_clusters': 2, 'NN__alpha': 0.0001}",253,0.478753541076,0.474358974359,0.470085470085,0.471590909091,0.475783475783,0.471590909091,0.00385926676587,6.4181407641e-06,0.00359721475231,0.00130487848121
254,0.039649327596,0.000381708145142,0.478672985782,0.478672947423,0.0001,"(3,)",3,"{'NN__hidden_layer_sizes': (3,), 'km__n_clusters': 3, 'NN__alpha': 0.0001}",209,0.478753541076,0.478632478632,0.478632478632,0.478693181818,0.478632478632,0.478693181818,0.00114788442244,3.05944705882e-06,5.71232470904e-05,2.86157561669e-05
255,0.0406544208527,0.00039275487264,0.521327014218,0.521327052577,0.0001,"(3,)",4,"{'NN__hidden_layer_sizes': (3,), 'km__n_clusters': 4, 'NN__alpha': 0.0001}",65,0.521246458924,0.521367521368,0.521367521368,0.521306818182,0.521367521368,0.521306818182,0.00416919144161,7.88425243711e-06,5.71232470904e-05,2.86157561669e-05
256,0.0418732961019,0.00041667620341,0.521327014218,0.521327052577,0.0001,"(3,)",5,"{'NN__hidden_layer_sizes': (3,), 'km__n_clusters': 5, 'NN__alpha': 0.0001}",65,0.521246458924,0.521367521368,0.521367521368,0.521306818182,0.521367521368,0.521306818182,0.00233421527071,3.56472763714e-05,5.71232470904e-05,2.86157561669e-05
257,0.0588686466217,0.000401020050049,0.535545023697,0.531736974445,0.0001,"(3,)",6,"{'NN__hidden_layer_sizes': (3,), 'km__n_clusters': 6, 'NN__alpha': 0.0001}",46,0.555240793201,0.514245014245,0.430199430199,0.423295454545,0.621082621083,0.657670454545,0.00709074114399,5.41932650287e-06,0.0790966918915,0.0964793126703
258,0.0554746786753,0.000401655832926,0.521327014218,0.521800537426,0.0001,"(3,)",7,"{'NN__hidden_layer_sizes': (3,), 'km__n_clusters': 7, 'NN__alpha': 0.0001}",65,0.521246458924,0.521367521368,0.521367521368,0.521306818182,0.521367521368,0.522727272727,0.00173286561169,4.49566384116e-07,5.71232470904e-05,0.000655769247424
259,0.0583056608836,0.000407377878825,0.541232227488,0.531692458776,0.0001,"(3,)",8,"{'NN__hidden_layer_sizes': (3,), 'km__n_clusters': 8, 'NN__alpha': 0.0001}",38,0.473087818697,0.467236467236,0.598290598291,0.615056818182,0.552706552707,0.512784090909,0.00219935097334,5.05512361329e-06,0.0517756799644,0.0618107801813
260,0.0634900728861,0.000417311986287,0.57345971564,0.540324451783,0.0001,"(3,)",9,"{'NN__hidden_layer_sizes': (3,), 'km__n_clusters': 9, 'NN__alpha': 0.0001}",21,0.645892351275,0.582621082621,0.524216524217,0.518465909091,0.549857549858,0.519886363636,0.00326731414986,1.39854169893e-05,0.0524171719169,0.0299138558529
261,0.0654687086741,0.000415086746216,0.467298578199,0.496637043512,0.0001,"(3,)",10,"{'NN__hidden_layer_sizes': (3,), 'km__n_clusters': 10, 'NN__alpha': 0.0001}",257,0.393767705382,0.448717948718,0.478632478632,0.478693181818,0.529914529915,0.5625,0.0026701776897,1.34869915235e-06,0.0561807422638,0.0481530575551
262,0.0676728884379,0.000436147054036,0.481516587678,0.468294051627,0.0001,"(3,)",11,"{'NN__hidden_layer_sizes': (3,), 'km__n_clusters': 11, 'NN__alpha': 0.0001}",205,0.515580736544,0.518518518519,0.450142450142,0.401988636364,0.478632478632,0.484375,0.00605640929996,1.82046632441e-05,0.0268050897669,0.0489131954533
263,0.0724356174469,0.000426371892293,0.521327014218,0.521327052577,0.0001,"(3,)",12,"{'NN__hidden_layer_sizes': (3,), 'km__n_clusters': 12, 'NN__alpha': 0.0001}",65,0.521246458924,0.521367521368,0.521367521368,0.521306818182,0.521367521368,0.521306818182,0.00317938591122,6.25769923052e-06,5.71232470904e-05,2.86157561669e-05
