,x,y,target
0,-8.82145094318,-4.58253078883,0.0
1,-8.31667165922,-14.4464694754,0.0
2,11.8455868219,8.91511372874,0.0
3,8.10658324371,13.5120915905,0.0
4,12.8484055152,-2.2764889255,0.0
5,4.30377055847,3.18468793322,0.0
6,6.48415954231,-11.0380782177,0.0
7,-6.24455209272,11.9428884752,1.0
8,-4.5326000842,7.6725720798,1.0
9,-14.5888097112,1.67741900216,0.0
10,11.9064824785,-0.756751304212,1.0
11,16.1131451502,5.45368966233,1.0
12,10.7521331965,3.48416089406,0.0
13,-13.803204267,6.31399412327,0.0
14,-13.8616332241,11.0130005413,1.0
15,-9.28626498706,-9.73623590296,0.0
16,-13.767974806,3.0742118697,0.0
17,-5.5529102506,-10.5309495216,0.0
18,-10.8336599193,-6.38418243167,1.0
19,-6.44373280463,-3.87331761504,1.0
20,7.56642011376,4.70402294619,1.0
21,8.41308131269,-11.2264829044,0.0
22,3.74194358976,-6.39274537805,1.0
23,7.38654461918,4.82370993006,1.0
24,4.18645353303,-12.3465698472,0.0
25,-15.6495003693,2.44617607432,1.0
26,5.22511352934,-4.81830634436,1.0
27,15.5238709765,2.84985620048,0.0
28,7.99017650482,9.79337138265,0.0
29,10.8872378361,-0.298978982998,1.0
30,-2.50839937898,-2.46625094878,1.0
31,7.39289972525,18.4466529388,0.0
32,7.39965849007,7.04447841502,0.0
33,0.727135917004,-13.3576412593,0.0
34,-3.3632077579,-7.50635258253,1.0
35,1.46113769757,-12.3807348243,0.0
36,15.0122799735,-5.97053228589,1.0
37,7.52141111694,11.0983301843,1.0
38,-8.1369136323,2.09922816693,0.0
39,12.7299619332,6.29681531289,1.0
40,5.74418893426,-11.6617204147,0.0
41,-3.35102085029,-7.49001446234,1.0
42,8.65739493155,11.1488618488,1.0
43,4.21867177156,-3.12728812966,1.0
44,6.86930287777,13.4567039321,0.0
45,-13.6450625863,-8.82049064191,1.0
46,2.35378280059,9.5216208937,0.0
47,13.7685891607,1.03779979019,0.0
48,-9.92227907934,-9.07553688324,1.0
49,0.870908577709,4.91670875093,1.0
50,-14.2673418815,8.80455682085,0.0
51,12.4799324559,6.07732209291,1.0
52,0.000989312400814,-0.688611653264,1.0
53,-4.21075831518,7.07342475444,0.0
54,6.84346088871,5.14330744429,1.0
55,4.81469351208,9.53755180118,0.0
56,15.1399202368,-5.87649321634,0.0
57,3.52043829838,7.97242546074,0.0
58,3.95983089092,-4.49813616231,1.0
59,-3.28002649703,-14.8951700293,0.0
60,-14.5849783924,6.50753668732,0.0
61,-5.26720090174,-7.29959815473,0.0
62,2.96177613885,14.5794027194,0.0
63,2.97668447791,3.55310766055,0.0
64,-11.5883751441,3.41518412083,0.0
65,-6.87349578981,-2.34863741389,1.0
66,6.65368322867,-12.5062387758,0.0
67,9.73437209144,15.0615708453,0.0
68,-13.0167191613,9.03231256186,1.0
69,10.3546600066,9.82089349546,0.0
70,-5.5988751573,-16.5323787958,0.0
71,4.91220234848,6.98416850769,1.0
72,-13.9175656142,10.4089953379,1.0
73,-17.3909505433,5.39030304195,0.0
74,13.0623517756,4.28726913113,1.0
75,-6.87328655582,-3.54451897488,1.0
76,-8.55356915925,-6.89131510686,1.0
77,3.25972356393,-10.5572976096,0.0
78,-2.74145950769,-3.22051006605,1.0
79,7.18104779531,-10.8329628801,0.0
80,10.8795541802,14.5880065844,0.0
81,-8.55469035916,-2.82724666906,1.0
82,-11.8483393971,4.42867369471,0.0
83,-7.38475256951,9.14730216146,1.0
84,-11.0069462465,5.37614677355,1.0
85,12.5720210078,6.32956768859,1.0
86,-8.74994679987,-2.76566524919,0.0
87,-7.54973821155,1.46939895677,0.0
88,-7.0296952429,3.13016893879,0.0
89,-16.20563215,8.2726434381,1.0
90,-8.16172446772,4.60347821558,0.0
91,3.79280131665,-1.96648317432,1.0
92,11.8368902226,4.41316299498,1.0
93,-9.52459446868,-13.2310895639,0.0
94,-5.26168504374,-5.0124962929,1.0
95,-7.30558188271,1.61522793408,0.0
96,4.02073864998,-12.9586106342,1.0
97,15.9502864012,6.89612320975,1.0
98,3.02993322357,14.0741178196,1.0
99,-11.3403339306,-5.49871017611,1.0
100,10.589812539,9.34759715782,0.0
101,2.71861714577,-4.09114547891,1.0
102,3.74896886821,12.2003101947,0.0
103,-12.7936910088,7.90937780206,1.0
104,15.6252981976,6.43040589832,1.0
105,-10.743813914,-5.68618437538,1.0
106,6.18512732966,-2.55860911449,1.0
107,11.859941252,8.20107825979,0.0
108,-8.42086761078,12.7554996873,1.0
109,-7.61707780314,1.39595976934,0.0
110,-8.0938951881,4.56274812952,0.0
111,-3.85189818921,-7.28155007966,1.0
112,4.90062953434,4.62086003861,0.0
113,3.24659237388,12.29634326,0.0
114,-8.69369394727,-7.31078680337,1.0
115,-9.23568798959,-6.55601984749,1.0
116,0.154590900916,-0.975022795018,1.0
117,6.32136957755,-12.2182216259,0.0
118,2.24411668904,1.83748428289,0.0
119,-4.46105413847,13.2408973265,1.0
120,7.78628946487,7.51701488117,1.0
121,18.0219839141,5.59836156261,0.0
122,-7.4335823436,9.61028198997,1.0
123,11.3231192153,6.50441181558,0.0
124,9.62822089247,15.1692721448,0.0
125,9.96727476744,-6.15669789237,1.0
126,-1.15652729957,-14.5581715842,0.0
127,-13.5411286022,8.6759956627,1.0
128,13.1315467236,11.4699724628,0.0
129,-14.5951517181,7.52734762358,1.0
130,-6.92862903156,10.272727542,1.0
131,-14.5013330342,8.76450710334,0.0
132,1.35707088868,8.00441793713,0.0
133,-8.23434298188,-2.46902784447,1.0
134,12.4816154416,-2.04084028852,1.0
135,-6.68198951331,11.8732424257,1.0
136,-8.51013202936,-14.4546802279,0.0
137,13.0194784786,2.2003500466,1.0
138,1.87836508108,-12.0152429445,0.0
139,-13.4694670207,-8.95101336829,0.0
140,1.59956922316,-11.1199163171,0.0
141,-11.1288962841,2.61922786728,0.0
142,2.34408475869,1.927712511,0.0
143,6.32401815986,-2.82557594673,1.0
144,7.37094882136,18.8628803104,1.0
145,3.32865496878,12.6762313323,0.0
146,11.8479052364,6.69928833774,1.0
147,8.29325971201,-11.2213043108,0.0
148,-6.11822363027,-15.4896124016,0.0
149,-11.7051877178,1.77893852116,0.0
150,1.64528671638,-9.8264513193,1.0
151,-6.96696581852,-3.14142313291,1.0
152,-0.211253522078,9.48681230708,0.0
153,12.8146185802,2.69493098373,1.0
154,4.40971110009,-13.5438972598,0.0
155,-8.50390407947,-14.520202106,0.0
156,8.58593983256,14.0008932039,1.0
157,-0.697915370276,-16.4500218609,0.0
158,10.8702522389,0.359092196445,1.0
159,8.73750615733,9.27526734997,1.0
160,11.3853670968,-3.80297257236,1.0
161,-0.10640319094,-2.78376305793,1.0
162,4.98289580366,-4.89441909252,1.0
163,2.06715740987,-15.3612804043,0.0
164,-3.54129448301,-14.6787869567,0.0
165,-7.16299496868,-4.24880626794,1.0
166,-5.49261620634,13.6233169939,1.0
167,3.119434473,-2.24521102529,1.0
168,4.64527498415,-4.81546983103,1.0
169,7.75094032255,-10.4198711204,0.0
170,9.16186291782,11.5073919303,0.0
171,8.9353916758,-4.06598018276,1.0
172,-4.0609672342,-7.50337495789,0.0
173,-12.492126747,4.61633344846,1.0
174,8.62489793614,-5.51601116971,1.0
175,-4.32707375849,-6.02037291,0.0
176,-11.6694197743,6.24567894022,0.0
177,2.60251880419,-16.0239041616,1.0
178,7.65518575263,-4.31795059625,1.0
179,-5.55022538683,13.3893195794,1.0
180,10.493160596,0.645788175667,0.0
181,2.05869558637,-10.3453058046,1.0
182,-0.434264496595,-0.320466740115,1.0
183,-3.99082272566,6.13878006468,1.0
184,7.65595978585,11.3106033242,0.0
185,-9.67413368889,0.782617156856,0.0
186,11.2652244487,-3.57658669738,1.0
187,-7.02452543621,12.2474746553,1.0
188,-8.66931506207,-6.81576391109,1.0
189,1.18628858904,-4.29257187702,1.0
190,-8.76613733671,9.6659635922,0.0
191,-5.68880722432,-10.6808981401,0.0
192,7.81042295231,8.27829390927,0.0
193,-14.0839678899,1.93409287589,1.0
194,9.08654824843,-3.94110080983,0.0
195,16.6805470814,6.40095317254,1.0
196,2.6662395451,5.72373993977,1.0
197,7.81936079281,5.67852906869,0.0
198,5.87330123933,11.1441327444,1.0
199,10.1507518268,-5.31222534598,1.0
200,-9.79354005874,-6.65137390634,0.0
201,10.6629325199,8.88360816505,0.0
202,-1.57474472308,-12.1309212387,0.0
203,8.10889965308,-11.2935679728,1.0
204,-16.2079530827,8.1651644597,1.0
205,-14.4458976596,7.39804834827,1.0
206,5.42086325752,-11.451184039,1.0
207,10.8042380109,12.732208886,0.0
208,-4.71952604002,-0.225980400302,1.0
209,-5.37903554876,10.444866253,1.0
210,12.5243593848,-2.6976543256,1.0
211,-11.208521457,6.78099166585,1.0
212,-14.061117628,-8.27241174545,1.0
213,-5.67835156411,12.8161825542,1.0
214,9.59698003436,-5.80974721339,1.0
215,-5.14295870827,12.7867297119,1.0
216,-1.63545059406,-1.76460281062,1.0
217,10.6130967176,-0.857632141227,1.0
218,1.48495108561,4.37910665245,0.0
219,3.55109889758,12.8905757571,0.0
220,11.4499421104,6.62773738999,1.0
221,-9.18109862477,1.71037515082,0.0
222,4.13080748654,-3.46754284187,1.0
223,6.57300379636,10.8423933855,0.0
224,-13.4932286023,2.65289201919,0.0
225,5.75227675682,-13.3169017731,1.0
226,4.71255519026,5.99868090396,0.0
227,6.91544131367,-2.739968121,0.0
228,5.59947954747,11.2764541214,0.0
229,-14.6638832562,9.91264473117,1.0
230,-6.32359810041,-14.9140682158,0.0
231,-13.9448666125,10.8426939372,0.0
232,-5.70017002583,-10.7064809887,0.0
233,9.10748675116,18.2750809972,1.0
234,5.13126801202,2.86964289837,1.0
235,13.5032496148,0.644509088502,1.0
236,-4.11513755056,-14.6545287898,0.0
237,2.87665629486,-6.61334781982,1.0
238,10.9527416761,5.75370111766,1.0
239,6.15237956647,7.16524150499,1.0
240,-14.2329213142,8.17874487543,1.0
241,-14.7288675006,6.51489316216,0.0
242,4.76938174448,-12.7093349492,0.0
243,16.6222843649,2.61979816177,1.0
244,6.05034468308,-2.39136274961,1.0
245,-4.91357181891,13.0768376165,1.0
246,6.41626900317,-11.1644397676,0.0
247,9.40628989688,-5.5683769397,1.0
248,-5.87599993679,-1.17652524567,0.0
249,13.7070653713,10.6183790382,0.0
250,5.85588657702,-12.2805110167,0.0
251,-1.51313092036,-1.79983476581,0.0
252,1.35340593566,10.1014171392,0.0
253,9.70190470475,7.1013940742,0.0
254,4.89139337516,11.5359978842,1.0
255,-13.7606362189,2.86407390031,1.0
256,12.5689909106,8.90006241234,0.0
257,2.37133925095,2.08535893397,0.0
258,-2.59755825067,-14.4194738077,0.0
259,4.68318027871,-0.733487644915,1.0
260,-4.31697066822,-14.6843193963,0.0
261,9.56727916684,-6.21005520115,1.0
262,-1.78752947516,-4.81052801473,0.0
263,0.345769256688,1.68988694799,0.0
264,3.31412330822,9.55367644241,1.0
265,7.26686740981,8.50693158934,0.0
266,-6.56224936552,-4.99167604737,1.0
267,7.67163332084,-4.36341794314,1.0
268,9.75151559035,7.1578866818,0.0
269,-8.1431261788,9.97319581013,1.0
270,-3.38189299103,-0.956128281607,1.0
271,11.5999705315,0.0245778221969,1.0
272,-0.868427237932,-0.633531749903,0.0
273,1.69754516694,13.4341416507,0.0
274,-4.54488220161,5.66373705927,1.0
275,-0.0920573572388,-7.74617747114,0.0
276,2.32937264302,-5.7769432066,1.0
277,-2.18773380458,-13.5398476283,0.0
278,-14.319340501,7.28616698432,1.0
279,-8.1527330268,-6.97602525857,1.0
280,6.02219230587,15.398338027,1.0
281,-10.9981783082,4.38632825291,1.0
282,-0.954922479553,5.89916572135,0.0
283,10.8546389772,3.60627561753,0.0
284,1.55289795076,-3.80084697995,1.0
285,-11.1827676233,2.1552849616,0.0
286,11.1181546253,8.75036012001,0.0
287,2.09119611966,14.9799283012,0.0
288,-6.71048264164,-5.04589067662,1.0
289,8.42802650348,7.03941106768,0.0
290,7.29252509789,18.2195976466,0.0
291,10.7204380142,-2.88617019567,1.0
292,0.254818089741,-0.808126894195,1.0
293,3.91343047179,15.7188724382,0.0
294,-16.9723555777,5.72409767793,0.0
295,-1.83418619313,-4.73024684562,0.0
296,0.47797767162,-4.08074357176,1.0
297,-3.96703679695,-14.6288881577,0.0
298,-2.40250244254,-1.44037230395,1.0
299,10.6441355104,5.13557750547,0.0
300,1.75736211778,-7.13355683801,1.0
301,-13.9770497168,10.6814066659,1.0
302,-10.2336300183,-2.9989902678,0.0
303,17.1387112258,5.05083636016,0.0
304,-16.0729413719,2.91305693889,0.0
305,-8.61865140497,10.7099694391,1.0
306,15.8743766878,6.99960600477,1.0
307,-0.133794835427,-17.6154310895,1.0
308,10.1638766231,9.71806722149,1.0
309,8.57382315649,-4.64807355333,1.0
310,-7.42436321042,-2.78778739948,0.0
311,-6.60237118291,-14.7281263452,0.0
312,7.88619326418,13.5548275617,1.0
313,-1.57326546239,-12.0864683914,0.0
314,11.5932611651,-1.80420463473,1.0
315,3.04229495626,-2.37794024157,1.0
316,-4.17044844394,7.0440993319,0.0
317,-0.100339584844,-17.8490567305,1.0
318,15.4048727008,6.56844085538,1.0
319,-6.52326907825,-5.02474603681,1.0
320,11.7821111474,-3.3636421962,0.0
321,-10.4603877895,-5.82187909812,1.0
322,-16.9655489979,5.74964319191,0.0
323,-14.319197538,7.29690545967,1.0
324,-6.09776055906,-15.7992909,0.0
325,-12.1276511182,5.0220922444,0.0
326,9.79067059827,15.1114726796,0.0
327,3.14880600812,-4.56088499739,1.0
328,-4.33434473303,-6.01523923806,0.0
329,-12.232510371,1.34413488055,0.0
330,-3.23597269232,-7.42479629133,0.0
331,-12.1006444239,-5.06481922574,1.0
332,7.89802971701,-4.61014794195,1.0
333,0.481466987478,-1.78930825088,1.0
334,-8.5735873186,-2.82124669083,1.0
335,2.2469347375,-3.44794718731,1.0
336,-5.3236243976,14.0139377604,1.0
337,7.97944901009,9.68059174782,0.0
338,-1.43488155524,-12.9408760942,0.0
339,-9.45397785435,1.65978028757,0.0
340,-12.4362581806,4.58800638497,1.0
341,0.917042003069,7.25801173598,0.0
342,4.7612867941,-0.733387289043,1.0
343,-0.00646170573792,-13.9072199538,0.0
344,6.75723233857,-3.2897230321,1.0
345,6.12404606009,8.77762136352,1.0
346,1.56260099971,-9.74170855349,1.0
347,-6.48797759109,-11.9434558114,1.0
348,10.6731117612,12.5803871539,0.0
349,-13.9117114922,10.4035751132,1.0
350,-6.8906860127,-4.55397607965,1.0
351,-12.574022134,5.43589179047,0.0
352,-14.5518676275,7.51015971691,1.0
353,7.64854349927,11.3048745756,0.0
354,-7.20507572207,-4.20765916477,0.0
355,5.759521317,7.93810503922,0.0
356,17.9307343389,5.1924116175,1.0
357,-7.89910165173,-2.20323403185,0.0
358,1.17758057506,7.1209689677,0.0
359,1.25978564544,7.8702428197,0.0
360,8.74957191887,5.24652137283,1.0
361,5.97529215322,-2.13738248057,1.0
362,5.12155975089,-3.21876570172,1.0
363,-6.1666116033,11.489042588,1.0
364,-5.89415055363,10.4873833949,1.0
365,10.6663479105,12.5788613717,0.0
366,-13.1383343584,5.50758027729,1.0
367,-3.20896437233,-7.43306836056,0.0
368,10.9628865774,-5.66750849212,1.0
369,-8.08713037048,-4.67891294987,1.0
370,-2.31065997376,-13.0654569345,1.0
371,-9.22318527675,-6.54120766503,1.0
372,-3.4756811126,6.39563624153,1.0
373,-8.90959305102,1.06881288919,0.0
374,-5.92666065693,-10.9390586394,0.0
375,11.9574345404,-2.71510604944,1.0
376,7.64641648699,8.10212502571,1.0
377,10.2491077094,-6.26124327361,1.0
378,7.99681853024,-2.75645287045,1.0
379,-14.4454272938,8.88246548734,0.0
380,12.7299606364,6.29681786758,1.0
381,3.59362130798,6.17087984574,1.0
382,7.32574362987,6.89941050526,0.0
383,-16.4216445308,5.25643562667,1.0
384,6.30072488572,-3.56243028892,1.0
385,17.3641840683,5.34062279692,1.0
386,-1.85500620701,-13.0894041976,0.0
387,-14.1806214055,11.3107874529,0.0
388,12.7719527255,9.04871455607,0.0
389,-9.12096061121,-3.11295715573,1.0
390,12.8009551115,2.75451666309,1.0
391,2.65661315165,-12.3292963224,1.0
392,7.51912153738,6.95180248594,0.0
393,-4.84141606514,13.3376259251,1.0
394,-6.7434191987,11.9188579893,1.0
395,4.66786438479,6.62409642999,0.0
396,2.65044068603,9.37591709716,0.0
397,7.75132246467,3.91288234635,1.0
398,-10.8778830115,-6.57985000142,1.0
399,-7.27349969847,11.8715623279,0.0
400,-14.1124810655,1.98916802637,0.0
401,1.54481740209,-3.60602698427,1.0
402,8.41340520996,5.90493963161,1.0
403,8.32100767286,10.310796628,0.0
404,-5.5633615424,11.0712138061,1.0
405,-5.28496347269,13.2362806792,1.0
406,-17.1737003503,5.58442549191,0.0
407,17.5916971757,5.73902585893,0.0
408,-4.46898049234,5.83590599908,1.0
409,9.63989216075,-5.71108562446,1.0
410,2.69805833773,-3.16147222039,1.0
411,7.31641113726,6.71139993607,0.0
412,-5.72248010599,-10.7173651951,0.0
413,9.01548628695,-4.82562467289,1.0
414,-4.01712946866,-6.92416376622,0.0
415,-4.72790956993,-9.50792908169,1.0
416,-4.51065982444,-5.06533494871,1.0
417,0.969735773985,-3.67336680277,1.0
418,-6.23568920996,11.6476291378,0.0
419,4.08789401582,12.8629140317,0.0
420,6.66205039385,11.4307946626,0.0
421,8.15660410657,5.01262172907,1.0
422,-10.8044229006,-9.45377759072,1.0
423,6.3881223139,3.05754207141,0.0
424,-9.70679198318,2.46911136639,0.0
425,-0.0923112289625,-17.989042614,0.0
426,1.7747487604,9.28753291877,0.0
427,-9.6832500629,-9.19923386338,1.0
428,6.3737699603,3.03183878,0.0
429,2.09104194359,-14.370419153,0.0
430,-7.40271421873,9.80695437001,1.0
431,-11.2226584527,-3.99841698596,0.0
432,3.14034501143,3.57879917031,0.0
433,-10.4453507505,-3.83722283436,0.0
434,12.7498712,-1.1755587972,1.0
435,-6.90343467755,2.71885489024,0.0
436,-6.19838401716,-15.4940098831,0.0
437,4.28715682676,14.1646425795,0.0
438,-8.07282382487,4.64589260885,0.0
439,2.57376032107,-3.24943573083,1.0
440,-7.36047132805,9.47195475058,0.0
441,10.8900621962,9.7477869914,1.0
442,5.58042551908,7.51664825843,1.0
443,-10.0577222441,-2.83107888379,0.0
444,3.929909639,-1.84168243048,1.0
445,0.0896554298472,-0.371817234386,1.0
446,2.85178863408,-11.6638055716,0.0
447,-9.50187221656,-4.9972014163,1.0
448,6.08158462255,-10.3803264525,0.0
449,-10.8369685663,-3.68802857284,0.0
450,-4.60947245999,-9.34082378614,0.0
451,0.322809042434,8.52955982223,1.0
452,-3.58572192447,11.4307054843,1.0
453,-3.82281144674,-0.846037668727,1.0
454,1.48968824647,15.2964316472,0.0
455,2.40758106445,9.89466378002,1.0
456,0.542804376904,9.87040800186,0.0
457,5.42225619729,-7.70115886581,1.0
458,0.293324416278,7.31753498993,0.0
459,12.4875343553,6.03290036455,1.0
460,-0.130154562594,13.0057033133,0.0
461,13.1009559004,10.6643016075,1.0
462,12.7716141544,3.58934632866,1.0
463,1.6619909787,-5.60571494738,1.0
464,10.8338340179,4.89792838274,0.0
465,17.6369427081,5.7927472138,0.0
466,5.348910539,-11.1597972745,0.0
467,-10.8669732926,-5.67996765951,1.0
468,-0.663974568703,5.61619324893,1.0
469,7.00810066436,18.9421306202,1.0
470,-1.41286663228,-1.27349361383,0.0
471,2.24958222238,13.9564797181,0.0
472,-4.137435554,-14.6796252675,0.0
473,16.9023996722,2.19240537501,1.0
474,-0.0122712801118,-7.72964850449,1.0
475,1.30602556198,4.52384627491,1.0
476,-6.54450987592,10.9679147389,1.0
477,4.74666847259,6.63077643151,0.0
478,0.386167414726,-1.07959949582,1.0
479,3.57399824463,9.54891166885,1.0
480,3.99766538881,-5.16186076947,1.0
481,-16.2877731696,6.31476960467,1.0
482,-15.6740479429,3.1195231466,0.0
483,4.5250333595,9.50627187344,0.0
484,-5.65787777038,-10.6464396791,1.0
485,-3.93428200493,7.16080161021,1.0
486,-5.0013375729,-9.94947637437,0.0
487,4.51750613586,-12.8959989173,0.0
488,-13.9039244041,2.41665071949,1.0
489,12.840531551,9.12605891885,0.0
490,-6.4612813959,-11.9229349643,1.0
491,8.2598936843,8.19474093363,0.0
492,9.96805492649,11.6129009771,0.0
493,2.90702845159,15.3650087747,0.0
494,6.08392738009,8.80797490599,1.0
495,-1.76289497818,-4.96634998207,1.0
496,3.0151219074,14.7481921263,0.0
497,0.837632209802,-3.65637484496,1.0
498,-1.40856365313,5.06573700794,1.0
499,-4.41781829676,13.4187495501,1.0
500,12.7299619328,6.29681532994,1.0
501,0.181355472934,-0.223197919877,0.0
502,-14.5305557631,5.06226313042,1.0
503,-13.6827411605,5.15835797383,0.0
504,14.4892064688,6.67977943179,1.0
505,-0.537924255017,-7.92669463544,1.0
506,-7.36075501828,-4.24970295694,1.0
507,12.5720226539,6.32956942275,1.0
508,0.306443748943,6.31562123602,0.0
509,10.9402928824,-0.676562477446,0.0
510,-1.17592974799,-14.7799395975,0.0
511,12.1062958927,9.18699126996,1.0
512,-5.7898950178,11.1458885083,1.0
513,-4.7325621886,-5.51149531012,1.0
514,2.58408854983,1.00252635057,1.0
515,-8.40774981985,-14.0636131723,0.0
516,-10.5316034858,2.0990066265,1.0
517,11.3523655551,-3.8087554936,0.0
518,11.6104215803,0.0498677160839,1.0
519,0.0307315860487,-2.08273273042,1.0
520,-1.48117207293,-16.5939346197,0.0
521,2.88293091124,-3.08793333107,1.0
522,8.69028881883,18.3733531573,1.0
523,-4.57494181586,-9.14378674615,0.0
524,-4.82203296898,13.2534852709,1.0
525,-5.86668620121,-15.0174957106,0.0
526,-2.9546979277,-14.7067981498,0.0
527,7.4429432294,3.89245558181,1.0
528,4.13544848648,-5.81839396806,1.0
529,0.169247121163,6.33357785246,1.0
530,-0.876874754309,-0.669645820636,1.0
531,2.68938078157,8.76794599895,0.0
532,-0.70961466959,5.43270493791,0.0
533,-12.1358559582,-4.96730520638,1.0
534,1.36815451755,10.1911947273,0.0
535,12.4333077714,-0.264151588994,1.0
536,1.30286754321,9.94986237664,1.0
537,10.3136188503,9.73409835368,0.0
538,6.60792816932,-2.64148911668,1.0
539,6.02650025314,4.17263352836,0.0
540,0.944663484769,-3.69402679019,1.0
541,-4.1686843521,-0.918755916534,0.0
542,10.0035209708,-6.19792716194,1.0
543,-0.371456632181,-16.2785575723,0.0
544,-13.3512515945,9.5586277655,1.0
545,-9.66834152471,-9.18346537704,0.0
546,-16.1687158826,8.27048508602,1.0
547,7.89034724371,13.5148152967,1.0
548,8.34401266052,13.4028067011,0.0
549,-3.93653962765,13.4614246152,1.0
550,7.27582681912,18.7676650005,0.0
551,3.31341857662,-6.56558484441,1.0
552,-6.24430911762,11.9428558685,1.0
553,-14.0229820068,5.22095092374,0.0
554,2.57118329971,1.13303391399,1.0
555,12.3218987268,3.63633934718,1.0
556,10.8601742005,4.76271499943,0.0
557,5.55865207183,5.32716370944,1.0
558,-0.828796922019,-14.0612525424,0.0
559,6.14526189207,8.72215890271,1.0
560,18.5841670074,4.97082447696,1.0
561,8.81086686803,11.4533473849,0.0
562,10.3141218241,9.72179217348,0.0
563,-6.83411371496,-2.30183726828,1.0
564,6.16001756547,11.5939218077,1.0
565,8.47840181986,7.24414736671,1.0
566,-14.1797275827,5.78205044717,0.0
567,-5.80804854592,12.1434278974,1.0
568,-5.15372622868,-7.2948088498,1.0
569,-3.27953600538,8.40358045756,1.0
570,-14.6615803063,2.37811547845,1.0
571,0.0519844489256,-7.61729723677,1.0
572,-13.591990624,1.06778664115,0.0
573,11.0327471526,5.79975658299,1.0
574,-7.2063471217,-4.97471463038,1.0
575,-5.34236719385,10.5313694725,1.0
576,-0.0553648598143,6.46292728993,0.0
577,10.6598747496,4.80806843617,1.0
578,-12.6330793246,9.40341491836,0.0
579,-11.5742948211,1.8336876759,0.0
580,-13.0611214238,8.71793830685,1.0
581,16.468491087,2.64003626402,0.0
582,7.99734544705,11.4853143125,0.0
583,15.4916257291,6.70606957769,1.0
584,-3.57798072075,6.34488813057,1.0
585,-0.486164872721,-15.5283959279,0.0
586,10.4608618999,14.8310491234,0.0
587,8.02089247658,-4.31154422292,1.0
588,8.32500347837,-11.2235086896,0.0
589,3.51202707484,13.5819302426,0.0
590,2.37990050623,-4.38826537152,1.0
591,0.207196765126,0.58485483836,1.0
592,-7.39466344553,9.80851886199,1.0
593,4.24077374911,3.32050866562,0.0
594,16.8223458553,2.23203590154,0.0
595,7.9317103223,13.2594607734,1.0
596,5.34079613247,2.78280925584,1.0
597,-15.7418184978,2.40269958144,1.0
598,12.5850262745,6.3357102956,1.0
599,10.935234417,-0.901889788246,1.0
600,9.59448000797,2.71436532976,1.0
601,-4.5451964928,5.69486652638,1.0
602,11.2852978824,-3.77826868047,1.0
603,8.62289649919,-11.0964481584,1.0
604,-2.45396562535,-2.15848176853,1.0
605,-7.11694853142,-3.20239086166,0.0
606,-13.7156459083,1.64086258547,0.0
607,11.9721292083,-2.05377583737,1.0
608,4.12517051039,-12.506778121,0.0
609,2.25570980706,-10.1903716948,0.0
610,-0.521301376235,-16.237799813,0.0
611,10.5768357479,5.06532560027,0.0
612,-4.80572515587,-7.43865214742,0.0
613,-5.02426123517,-9.87940671146,0.0
614,-8.39340979186,9.48058618119,1.0
615,-12.3842689466,3.89473827988,1.0
616,6.70773790506,-11.0283592749,0.0
617,-10.508456703,2.09776674846,1.0
618,-0.0983899190737,-7.7511306667,0.0
619,9.18673982899,11.5347449676,0.0
620,2.35820882412,15.3434580537,0.0
621,-4.49346734317,11.7054126041,1.0
622,-7.10666970765,-3.19152787163,0.0
623,4.06410683556,-4.90761098513,1.0
624,-8.2534745111,-3.16389213988,1.0
625,1.28247051509,-12.5692249792,0.0
626,-14.1138905354,1.98017481009,0.0
627,0.353322706355,-2.36945529365,1.0
628,-12.2394430216,10.5891372399,0.0
629,8.00992070846,-2.73417073811,1.0
630,10.5861015857,-2.38422912506,1.0
631,1.38273313359,-12.8907164819,1.0
632,8.93910388316,7.18585136581,1.0
633,1.35049503225,5.13823214877,1.0
634,9.96868732052,10.0113894727,0.0
635,1.13207587365,10.9540941409,0.0
636,-12.5438663098,1.29675589132,0.0
637,-11.3906545233,1.7301200196,0.0
638,-4.19182197382,6.9185488363,1.0
639,-5.94925038494,-16.2573600353,0.0
640,3.7036194882,14.0127826392,0.0
641,1.46498995746,-11.1217882933,1.0
642,-3.26556766727,-0.891978424768,0.0
643,-14.9173307283,1.34990928279,0.0
644,-7.22772219358,3.38584475993,1.0
645,0.311938578982,13.031187845,1.0
646,-2.14187317029,-12.441117254,0.0
647,3.54248787322,13.2206164932,0.0
648,1.7939198547,-17.8839875429,0.0
649,4.69740829827,-0.739665886742,1.0
650,10.3141215032,9.72179224968,0.0
651,-8.94883632736,10.5921048784,1.0
652,5.91201070249,-12.5016278839,0.0
653,-15.0178626159,4.3775701503,0.0
654,15.5279774764,-5.63152788828,1.0
655,-1.86794067641,-4.81104797302,1.0
656,9.86124584836,15.0636760282,0.0
657,-8.44674266133,10.7616114338,0.0
658,-10.9539044255,-6.18653034659,1.0
659,4.74792807882,-13.3634398316,0.0
660,3.42114242582,13.142163274,0.0
661,8.79399232072,2.40042271849,1.0
662,9.70701844653,11.6223766809,0.0
663,-0.293520640055,-9.21318391733,1.0
664,-10.6535482908,-3.01512211244,0.0
665,0.0788683476357,-7.70036561186,1.0
666,-5.4912711114,12.7060186669,0.0
667,-2.76195708204,-3.38743940055,1.0
668,-10.0516952393,-9.78153612976,0.0
669,1.73628949805,-11.9170172277,0.0
670,-17.0180839712,5.64870200741,0.0
671,6.48892660856,3.00256775284,0.0
672,7.53984972637,12.0575422051,1.0
673,3.07406944042,-2.28072174376,1.0
674,12.491049381,5.99299106046,1.0
675,5.29015596895,11.1108983716,1.0
676,-6.51088829156,-2.27346650204,1.0
677,-9.73285826117,-4.00982063414,1.0
678,12.2610358621,-0.0357903115095,1.0
679,-14.1017691538,-8.33874569783,1.0
680,-10.4830994875,-3.6381440935,1.0
681,1.73003733994,5.26536497521,1.0
682,2.43550691943,-12.1617646958,1.0
683,-14.5694555549,11.6298340916,0.0
684,8.0011158557,-2.72487760189,1.0
685,-13.2471256418,-9.13091753293,1.0
686,0.516235950622,1.07043345244,0.0
687,0.226656286814,-16.4510559478,0.0
688,1.67873052712,15.5909784516,0.0
689,-11.0781548204,-3.11946006333,0.0
690,7.25452928063,18.8140588595,1.0
691,2.0430058579,11.0315870792,0.0
692,-2.00263348621,-1.43796821706,0.0
693,2.61541621196,-16.1910253699,0.0
694,-9.47791320475,1.85973640049,0.0
695,-17.6247625972,5.28511970549,0.0
696,2.00889431141,15.9447216134,0.0
697,9.85171688662,-6.13967156464,1.0
698,9.75453143216,7.00037220577,0.0
699,4.28494421348,-12.5393766989,0.0
700,5.87008248724,4.57023692933,0.0
701,1.97233611311,9.4967299601,0.0
702,2.0562535633,-15.2323603815,0.0
703,0.646244223851,13.0177093499,0.0
704,7.40350633705,4.83033802806,1.0
705,1.53742677131,4.33393064269,0.0
706,6.47721700802,-3.54550361408,1.0
707,17.0998277309,2.04014281641,0.0
708,-2.43025246291,-13.3992073073,0.0
709,4.32262785346,3.03472270971,1.0
710,2.74429305765,14.1174643589,0.0
711,-5.68096337991,-10.6817568662,0.0
712,11.6431548514,0.0444717375858,1.0
713,0.828372743198,-3.84083191695,1.0
714,4.27266637965,-13.7652295638,0.0
715,-4.40329681203,-14.7952402373,0.0
716,1.25718521581,14.4980517263,0.0
717,12.0652820803,4.27659301209,1.0
718,5.68297613292,4.87024366535,1.0
719,-9.18865483747,4.22260318982,0.0
720,-11.9864049372,5.01210405801,1.0
721,11.508997542,7.05229238579,1.0
722,-5.98176882542,-1.08145566878,0.0
723,-5.55637320162,13.660423806,1.0
724,-9.88126773151,-8.8871122459,1.0
725,-4.47859066994,5.82278595405,1.0
726,2.05063596185,-10.3135344632,1.0
727,5.59323025776,3.95225243708,0.0
728,14.570976882,6.66108141111,0.0
729,7.78358999896,8.34411813378,0.0
730,13.0607523998,2.10676236225,1.0
731,-9.90806116248,-8.8841482877,1.0
732,15.6595152708,-5.55929661241,0.0
733,10.4346062732,12.6538448517,0.0
734,-14.9431849798,5.39638703175,1.0
735,2.21330342491,-14.0157425755,0.0
736,4.31642788523,15.9540670961,0.0
737,0.475764698231,-0.356644525596,1.0
738,2.16330590258,15.3248768348,0.0
739,-0.69965858344,-16.4620022857,0.0
740,-8.24153934187,4.55627320751,0.0
741,-3.2417267759,-7.41025357617,0.0
742,15.5672956835,6.71712292279,1.0
743,11.7518213709,4.25371718041,0.0
744,3.67462014802,15.5677431703,0.0
745,-5.48295311104,12.6463788772,1.0
746,1.82002788764,-12.1884087134,0.0
747,3.29620251978,-6.54942119842,1.0
748,12.4489182424,10.8545188342,1.0
749,-6.47110660793,-11.9169863711,0.0
750,0.00299176879092,-15.8689707051,0.0
751,-10.7522665464,-3.63656081972,0.0
752,14.2846626468,9.92976491222,1.0
753,-9.92430193638,1.61958132653,1.0
754,0.320279792631,6.32294561731,0.0
755,-10.9799604667,1.99700229541,1.0
756,11.253214999,6.93136615671,1.0
757,-11.5914021774,3.43944508389,0.0
758,-9.50912597,-5.00164836962,1.0
759,-1.50125417976,-12.1448464663,0.0
760,2.06568581957,-15.3351051247,0.0
761,-2.60838923239,-2.71190849553,0.0
762,-13.5492163697,3.01920415404,0.0
763,3.16967524499,-3.24661144234,1.0
764,-9.06391485502,-9.79202033033,0.0
765,2.76685838734,-11.7155151091,1.0
766,9.34608623238,-5.61865090099,1.0
767,6.6160625069,-10.7542705667,1.0
768,10.8522900264,-3.04660932794,1.0
769,-0.25701102911,-7.86900469966,1.0
770,4.85344307922,5.91294994047,0.0
771,1.25649259731,10.2695068358,1.0
772,-9.58613152262,-4.38004340078,0.0
773,-14.0470449353,-8.38096646975,1.0
774,-2.91152221873,-14.7738493808,0.0
775,-7.06907773639,3.07355180032,0.0
776,6.17299240705,-13.0636357479,0.0
777,2.59954096049,1.57459232197,1.0
778,8.47704929794,7.24261764491,1.0
779,11.7546276502,4.23382914663,0.0
780,11.1850481981,-5.90791804422,1.0
781,2.11584895762,-10.420477671,1.0
782,-5.37522441085,-16.6490803734,0.0
783,-6.94739398588,-15.2061892392,0.0
784,10.8385190222,-2.96122264688,1.0
785,2.98556653154,-4.60515716571,1.0
786,7.96016506653,4.43868421766,1.0
787,-13.9515986849,10.7793997516,1.0
788,3.52682912392,9.58337232466,0.0
789,0.866604493031,-13.6483926698,0.0
790,-5.01777642149,-3.95851593757,1.0
791,-5.5876270137,-2.75692725909,0.0
792,4.63448710844,-13.1961356268,0.0
793,-8.63532207982,4.52292350359,1.0
794,12.7650402573,6.30150514957,1.0
795,-11.1674953822,-3.00569381685,0.0
796,-0.784851562958,-14.0874211401,0.0
797,-5.23977986689,-7.67398406214,1.0
798,7.57909896604,8.02876532069,0.0
799,15.700610339,6.82848204283,0.0
800,-14.182914451,4.11164771614,1.0
801,13.8613412043,9.92203026959,1.0
802,4.86670776967,3.43903987208,1.0
803,9.76887079251,14.8866654618,0.0
804,10.547238452,6.42966134518,0.0
805,7.75095756858,8.12027895599,1.0
806,16.4989455588,2.76917531244,1.0
807,-12.9269527728,-9.31167308972,0.0
808,-9.98452572708,-9.03006427906,1.0
809,5.52891634669,15.511120316,0.0
810,7.12804430396,12.8680140792,0.0
811,-4.57642742273,-9.33222905136,0.0
812,-5.88286167763,10.2381249817,0.0
813,4.14571172639,-6.0543600809,0.0
814,2.65194265944,-17.0672495302,1.0
815,-9.3770736664,-2.66836006576,0.0
816,2.22813994095,-7.01481537559,1.0
817,2.7127518147,-4.08384816162,1.0
818,12.5260018033,-2.11488360734,1.0
819,1.67827122478,9.24454014184,0.0
820,15.8033133895,-5.42520779309,0.0
821,3.74048650776,-3.30188946798,1.0
822,-13.8019652871,3.63911642232,1.0
823,0.462569549645,-12.9506205026,0.0
824,12.8009546193,2.75451684689,1.0
825,-5.49136634783,-10.4773091076,1.0
826,18.2531768085,5.62961823757,1.0
827,0.658210017018,1.33015546022,1.0
828,-14.1323563311,-8.31590366238,1.0
829,14.0571270684,4.48354656041,0.0
830,-10.8813155462,2.18945736787,1.0
831,-8.53295628643,-6.88680981471,1.0
832,10.5242746208,-1.3510842112,1.0
833,3.55409651239,9.63883242144,1.0
834,3.23739956597,8.75790747642,0.0
835,-13.7923294719,-8.64881237692,0.0
836,-11.15605845,-3.08565210554,0.0
837,5.82730962282,2.48098037407,1.0
838,1.42677276464,7.38090189009,0.0
839,4.43902907422,3.23310877494,0.0
840,1.36616139884,10.0970259096,0.0
841,-4.7101095828,13.3191811068,1.0
842,-4.74635445581,-0.418698340534,1.0
843,0.130399040768,-14.0767873921,0.0
844,6.95691155324,-2.70798897767,0.0
845,10.9622220844,-4.59503985816,1.0
846,-11.7412779232,1.75818041193,0.0
847,-8.73063567566,1.48957315016,1.0
848,8.45641185433,13.2707827456,0.0
849,3.4865592951,6.57047511332,1.0
850,-13.8759446189,5.16373568912,1.0
851,7.51890184519,11.9763296626,0.0
852,2.75848585867,-4.23661235022,1.0
853,8.06809200612,-13.7881818309,0.0
854,2.78291230645,-11.7075829682,1.0
855,16.6820471496,2.92969813486,0.0
856,0.0878344870573,-12.351713054,0.0
857,-8.46912371218,4.50270957837,0.0
858,-10.8883517691,-6.41030483273,1.0
859,-3.16462944935,-3.89211989146,1.0
860,0.650679935239,6.88905180128,0.0
861,5.97942406037,5.63525058378,0.0
862,1.29652903468,5.11576510908,0.0
863,3.39570840014,13.6318429827,0.0
864,-9.64508093013,-6.5046332129,0.0
865,-5.00706776814,-9.86504733165,0.0
866,1.94610999228,9.11201308339,0.0
867,-2.46671792916,-2.5832074229,1.0
868,9.73029547899,-5.4415867114,1.0
869,-3.88063062111,6.84765179102,1.0
870,-8.95241917529,9.64486204426,0.0
871,-13.9497741057,8.89068115746,1.0
872,-6.67383886416,-12.5095352244,0.0
873,-6.6072612121,-14.685186832,0.0
874,9.70190572629,7.10139402461,0.0
875,8.7863860982,11.906043938,1.0
876,5.845887327,4.57094765445,0.0
877,1.79575698381,-17.2320817548,1.0
878,-10.1620532267,-2.84583494992,1.0
879,-7.15056239807,-4.22660840546,1.0
880,-9.0530167238,-7.4071969999,1.0
881,-14.6402104563,2.00898510322,0.0
882,-13.9153292441,7.60657363989,1.0
883,13.0064235837,2.35163855964,1.0
884,1.23433662363,-4.19575610877,1.0
885,4.79189594638,-12.0753528021,0.0
886,-7.58910073977,1.61838852904,0.0
887,-7.97499756631,-2.39594977553,1.0
888,18.1133004512,5.74564408342,1.0
889,-2.00971181529,-1.39517085552,0.0
890,2.60361922758,-17.1166910653,1.0
891,-7.39466356898,9.80851955024,1.0
892,2.23623197805,-3.43081678854,1.0
893,-7.97540962954,-2.36588696327,1.0
894,3.25346907303,15.4137145303,0.0
895,-9.13462328958,3.19480511557,0.0
896,-0.414574529754,-8.04637391218,1.0
897,7.64404514028,-4.51587705979,1.0
898,17.676439734,5.37964183144,0.0
899,-10.8654284269,2.03481579781,0.0
900,7.30979781277,13.4613244415,0.0
901,6.01896385044,-12.7284489276,0.0
902,4.70722826938,-0.726903358015,1.0
903,16.6585949943,6.39147710656,0.0
904,9.05385407438,-5.48767209328,1.0
905,-9.16345957368,10.5922306122,1.0
906,4.28350578908,15.8589800182,0.0
907,-8.71140776219,9.67622731544,0.0
908,2.32251193562,-6.41117194766,1.0
909,1.40013693062,5.27933604946,0.0
910,-8.24469704107,4.36207227142,1.0
911,8.06939118046,11.0676426349,0.0
912,9.34576950536,-5.60756464913,1.0
913,5.99886958791,15.8942891093,0.0
914,-9.67605944373,-8.44201761633,1.0
915,10.2824837317,-1.07241314847,1.0
916,-11.2062007853,4.24248366548,1.0
917,-4.9279466498,-7.31517141695,0.0
918,3.75074564771,7.59520815916,0.0
919,12.6873091427,3.59639252852,1.0
920,6.68017160546,3.05705871176,1.0
921,1.67499832117,-5.55055323039,0.0
922,3.39845732993,13.640351716,0.0
923,0.335733507413,13.0762648938,0.0
924,1.03926363115,-13.0424343354,0.0
925,-6.02752660208,14.168849216,1.0
926,5.01678910326,-4.97493509112,1.0
927,-5.77052083045,-4.96454781526,1.0
928,12.5259400118,8.91949320448,0.0
929,-1.20351787077,-16.4561082999,0.0
930,2.08378070167,16.0353652164,0.0
931,-16.4018129506,5.25620748444,1.0
932,-5.87091675496,-14.9792230734,0.0
933,-13.9609689477,10.4815511016,1.0
934,-17.1963039677,5.58399738813,0.0
935,-10.558558144,-2.91901930444,1.0
936,6.38244503335,15.3206078139,0.0
937,-9.90943144914,-9.12788651701,1.0
938,-0.476679666382,-7.91016569945,1.0
939,6.04440774399,15.4391723307,1.0
940,14.1369641364,9.55020476389,0.0
941,-0.409471011666,-16.6572512948,0.0
942,-16.2959254929,8.25345429925,1.0
943,0.854025520596,-9.30859959997,0.0
944,-13.8750035534,10.767790804,0.0
945,8.35284800289,-5.23032021727,1.0
946,3.54188640653,6.15326050534,1.0
947,1.59852538206,-12.4778783343,1.0
948,-12.1041428928,-4.98958469694,0.0
949,-9.60337651866,9.58228913142,0.0
950,8.93976990079,9.98637414889,0.0
951,-7.51540683116,9.01698985153,1.0
952,-15.2982295357,2.34826911516,1.0
953,0.535170670953,-0.456446051192,1.0
954,-3.22364376385,-7.41015795635,0.0
955,9.70174533897,7.104082102,0.0
956,5.73761857603,-3.0749536779,1.0
957,2.10766677227,-14.4292406934,0.0
958,3.43937377775,12.3544396406,0.0
959,11.5335150048,7.39194321901,1.0
960,7.18113223728,11.7766713099,1.0
961,-10.7860183007,-3.64565785136,0.0
962,0.00163160651189,-0.665836012754,1.0
963,15.5375463093,2.80392802673,0.0
964,1.69381938602,-4.04518852025,1.0
965,-17.6725950132,5.28415549929,0.0
966,-7.50200696466,3.57508303779,0.0
967,-4.4724805569,5.83101834134,1.0
968,0.102511780981,9.90974665919,0.0
969,0.723254676913,-13.3909493997,0.0
970,7.83307706063,18.804002571,1.0
971,-5.55626931345,-0.768545348194,0.0
972,-4.37320526988,6.06555039263,1.0
973,-14.0771423759,1.89641372512,1.0
974,2.27738784921,-10.8532017238,0.0
975,10.3469517666,9.72955972419,1.0
976,11.6011803627,-1.82080040236,1.0
977,-10.0856129709,1.51451391098,0.0
978,7.38710697609,12.4796994747,1.0
979,13.1668354234,11.5338927189,1.0
980,-13.8843324094,9.07033327987,1.0
981,1.69127385194,11.8662504965,0.0
982,-14.2330441387,4.10862376822,1.0
983,9.78392214567,3.01256348014,1.0
984,7.82330645259,-11.3618535221,1.0
985,9.7490240199,7.00285341745,0.0
986,6.59778561676,-2.67443286538,1.0
987,-6.00819913965,11.5425138844,1.0
988,4.35073101319,-5.4700704696,1.0
989,-2.81526266596,-3.18127811897,1.0
990,7.19563884481,18.8409188726,1.0
991,-13.3811902921,4.46313679938,0.0
992,6.04858713631,4.27515873472,1.0
993,-8.0013958967,-4.592704757,1.0
994,-3.02287609686,-1.01169408621,0.0
995,-0.66646787765,-14.1301396254,0.0
996,-7.34696372863,-5.11490958861,1.0
997,8.6940318659,-6.01284439702,1.0
998,1.34213497889,10.5251452694,0.0
999,3.18693963909,14.2427686079,0.0
1000,7.1519870571,8.92166190288,1.0
1001,4.16718891871,12.2710221963,0.0
1002,0.144736298176,6.12457239406,0.0
1003,2.74207831938,9.20590937819,0.0
1004,-8.43383589768,1.30328768089,1.0
1005,-16.2344621501,8.2245057908,1.0
1006,17.1836433136,4.95976825003,0.0
1007,-11.6410183348,2.6200729608,0.0
1008,-9.69175258782,-5.61363973633,0.0
1009,2.54792446657,13.5139717666,0.0
1010,-5.77079841095,-10.7786897668,0.0
1011,11.6127490137,-0.0190615127364,1.0
1012,-5.18250324014,-10.0523260668,1.0
1013,-0.179349809905,-1.51835143904,0.0
1014,-5.78245074831,-10.7948507532,0.0
1015,7.75097513888,6.83263780521,1.0
1016,8.47549974126,-6.16568767539,1.0
1017,1.36058340244,10.458496163,0.0
1018,13.5005966832,10.902169685,1.0
1019,-3.57433710936,-14.6609062356,0.0
1020,7.56931239685,8.43085506829,0.0
1021,3.73985988962,2.92586914515,0.0
1022,5.94635014975,-9.353121314,1.0
1023,15.8817776212,6.76598399783,0.0
1024,-12.9361718057,9.06966184099,1.0
1025,-6.52599323013,-5.21469754252,1.0
1026,2.31538671874,-10.8420778769,0.0
1027,2.05886111163,-15.3287335109,0.0
1028,0.340928583427,-2.38585062792,1.0
1029,8.29325995256,-11.2213023212,0.0
1030,-4.73170451169,7.92458388364,1.0
1031,-0.0418866896648,7.09723368006,1.0
1032,-12.5925612755,5.77099023326,1.0
1033,4.20915234133,-12.9386720347,1.0
1034,2.64401912406,8.67387048113,1.0
1035,8.66396071459,-3.2606477635,1.0
1036,12.6923796236,9.39507938311,1.0
1037,-2.45981342672,-13.2889323476,0.0
1038,-4.69161862813,-4.73194399257,1.0
1039,-9.11267918988,-6.16206014312,1.0
1040,2.37872330039,-15.8649084313,1.0
1041,6.02900064727,-10.8317808465,0.0
1042,13.0249744979,10.4461308004,1.0
1043,-12.2641133918,5.32471512176,1.0
1044,2.25043955871,5.48946895062,0.0
1045,-4.02365793876,6.8140704096,1.0
1046,8.98927264797,-3.05482130422,1.0
1047,-9.20303451142,1.5000541142,0.0
1048,10.2628024528,-1.76636738229,1.0
1049,-14.5457110199,1.72027422002,0.0
1050,-11.5685940715,3.75414039521,0.0
1051,13.0905939925,6.33516602683,0.0
1052,-1.12484748401,-14.5692618909,0.0
1053,-3.95892647734,-14.6243335171,0.0
1054,15.5483336535,-5.60152122416,1.0
