,x,y,target,KmeansCluster,GMMCluster
0,-4.20721255457,-1.14491017691,0.0,6,0
1,8.799323506,6.77104648552,0.0,2,1
2,5.86687187455,-6.58733479306,0.0,7,0
3,1.09983839872,-2.35147941149,0.0,7,0
4,-14.554338453,-5.36718895408,0.0,0,0
5,2.17588015711,0.482897588682,0.0,7,0
6,8.1854922046,4.4916174095,0.0,2,0
7,-10.9809949762,-8.35742519524,1.0,0,0
8,-5.85185624088,-13.5990613312,1.0,2,0
9,-0.213070583869,-5.65453014684,0.0,7,0
10,-5.95577694211,6.75394753461,1.0,5,0
11,-5.16986982624,7.29795889667,1.0,5,0
12,-0.967098580492,-0.0873466707059,0.0,7,0
13,-0.855140702381,-1.19833181843,0.0,7,0
14,-3.30671974534,7.1285530869,1.0,5,0
15,13.1324253775,3.97213589746,0.0,2,0
16,-1.05818269342,-3.2245449201,0.0,2,0
17,9.97637447778,-10.1724419504,0.0,8,1
18,-6.03283776619,-4.15506613199,1.0,6,0
19,-6.8282475603,-5.36122304966,1.0,6,0
20,5.02037425654,-6.00640172967,1.0,7,0
21,-4.04584777008,-3.12797919593,0.0,6,0
22,-12.9254210453,-3.11224920111,1.0,0,0
23,5.10947965135,-6.04304200991,1.0,7,0
24,8.92769783446,4.64881489467,0.0,2,0
25,-0.187507336067,-6.05232063158,1.0,7,0
26,-14.0962175722,-4.89368293089,1.0,0,0
27,1.9046567331,0.638795632496,0.0,7,0
28,5.84489553661,-6.62733223472,0.0,7,0
29,-10.9321556615,-4.33477427179,1.0,5,0
30,-7.71503886465,0.903946503205,1.0,6,0
31,-5.52316237238,4.73548848628,0.0,5,0
32,4.67685873356,2.31628380125,0.0,1,0
33,12.0551211272,4.74356962321,0.0,2,0
34,6.46705886947,-9.11403093129,1.0,7,1
35,11.5526164053,4.07381041027,0.0,2,0
36,10.4458343825,-7.74104228281,1.0,1,1
37,6.06568010621,-4.61628513568,1.0,7,0
38,8.85278004442,6.8713480616,0.0,2,1
39,1.69863924607,2.33448306075,1.0,7,0
40,8.6814980099,3.96671029369,0.0,2,0
41,6.46632332013,-9.11456406879,1.0,7,1
42,6.9698065536,-1.83103797927,1.0,1,0
43,-1.13929433153,-9.10440658822,1.0,0,0
44,4.09863643506,0.727952141757,0.0,7,1
45,0.747670210785,-7.38739459712,1.0,7,0
46,9.32379626776,0.0127653207105,0.0,1,0
47,1.25751094722,-2.91071007254,0.0,7,0
48,-5.22288413783,-5.59039856517,1.0,6,0
49,8.38025621025,6.12615037722,1.0,2,0
50,-1.14183216943,3.0043306868,0.0,5,0
51,1.3729916286,-0.0339385029543,1.0,7,0
52,-2.47897960882,-7.22410439244,1.0,7,0
53,-8.45335012704,6.02488746566,0.0,5,0
54,2.02061505187,-0.854281493501,1.0,7,0
55,1.86103258838,-2.08044127008,0.0,7,0
56,6.51425410439,-9.1083752518,0.0,7,1
57,8.50247671087,-1.4368898597,0.0,1,0
58,-12.7727314082,-3.81290688523,1.0,0,0
59,8.9959298025,9.87082423802,0.0,2,0
60,-2.34625927334,4.68137150879,0.0,5,0
61,7.80078002137,7.46479767565,0.0,2,1
62,12.4659764696,-0.632933015106,0.0,1,1
63,1.59388945532,-2.98719672432,0.0,7,0
64,1.21701215822,-6.03321464667,0.0,7,0
65,-7.69133815114,-1.39764277673,1.0,6,0
66,8.52045437326,2.71308478908,0.0,6,0
67,3.30191845153,1.11612687969,0.0,1,0
68,-1.05854732961,3.61597046132,1.0,5,0
69,2.46576414329,2.45858179157,0.0,1,0
70,3.49455012942,10.8270304994,0.0,4,0
71,10.1339079156,-0.352288527118,1.0,1,0
72,-3.47624682598,6.72576935428,1.0,5,0
73,-1.85336885005,1.45515465909,0.0,2,0
74,0.385487013304,5.04571150698,1.0,5,0
75,-10.3880343548,0.34696805313,1.0,6,0
76,-7.89680378624,-0.328001441013,1.0,6,0
77,13.0341164468,3.37683698216,0.0,2,0
78,-3.64409322943,-4.20704754287,1.0,6,0
79,7.04134069219,3.16487291458,0.0,1,0
80,3.72172598732,4.78831537049,0.0,1,0
81,-5.47014032071,-2.24957476625,1.0,6,0
82,0.79155521467,-5.07335612286,0.0,7,0
83,-7.44804992448,1.71983992278,1.0,2,0
84,-3.91345859296,2.26183621804,1.0,4,0
85,0.436144337074,4.95430370741,1.0,5,0
86,-6.60301468836,-3.58690069283,0.0,6,0
87,8.19804824781,6.45268439773,0.0,2,0
88,11.555479611,0.386306383569,0.0,1,1
89,-2.63207069327,2.48311711342,1.0,5,0
90,4.4093293579,-2.75596532062,0.0,7,0
91,-7.75095551452,-7.95459762283,1.0,0,0
92,1.08651493759,1.93776146304,1.0,7,0
93,11.7809366336,7.70459576872,0.0,2,0
94,-6.02078224811,-8.64185357957,1.0,4,1
95,10.3099224533,0.545967386571,0.0,1,1
96,11.2978013995,9.13209750688,1.0,2,0
97,-0.492238486056,5.69258695046,1.0,5,0
98,12.4583997931,-0.91592599054,1.0,1,0
99,-5.75138931897,-3.57551917481,1.0,6,0
100,4.22106134185,-4.79230258572,0.0,7,0
101,-7.03483916506,-7.3470255504,1.0,0,0
102,11.4293810886,-0.0779235241411,0.0,1,0
103,1.38697544715,-5.77495179802,1.0,7,0
104,-5.21203951401,3.32013100466,1.0,5,0
105,-5.83833205961,-3.96521494959,1.0,6,0
106,-13.0072574467,-4.54777379275,1.0,0,0
107,2.29861171486,-2.03738875822,0.0,7,0
108,-3.84132646068,4.61694930409,1.0,5,0
109,8.18906649038,7.15507857107,0.0,2,1
110,4.56892053753,-2.82004772783,0.0,7,0
111,10.2626565724,-8.2207284505,1.0,8,1
112,1.75447419762,-5.86815579758,0.0,7,0
113,5.37684839506,2.71602915191,0.0,1,0
114,4.34386737368,-1.04445832926,1.0,6,0
115,-7.00032153371,-2.03275816845,1.0,6,0
116,-3.5499242382,-8.45901591506,1.0,7,0
117,10.8623567711,3.70263565522,0.0,2,0
118,-0.584254046211,-8.88849087697,0.0,7,0
119,-14.8286858232,-2.2521813832,1.0,0,0
120,4.47323358403,2.47123810474,1.0,1,0
121,-5.79553698999,7.32590133429,0.0,5,0
122,-10.3344129936,-10.2426504769,1.0,2,0
123,1.33797540256,1.98399966589,0.0,7,0
124,10.0231801891,-1.75797012899,0.0,1,0
125,-14.3353006596,-2.52323312011,1.0,0,0
126,14.2640945409,6.44057484336,0.0,2,0
127,-1.84249429202,3.77698658337,1.0,5,0
128,11.3071761286,-2.60350794349,0.0,1,0
129,-2.4588238289,2.26767411345,1.0,5,0
130,-10.6254293399,-9.35903351681,1.0,0,0
131,-2.06551827754,1.87239579949,0.0,7,0
132,9.78031710479,-1.21202799828,0.0,1,0
133,-7.41801183155,-1.06893096917,1.0,6,0
134,-5.71650858596,5.35577407435,1.0,0,0
135,-4.22228799546,1.95716852172,1.0,4,0
136,8.69866815212,6.3045423176,0.0,2,1
137,-4.26280901278,3.51253053473,1.0,5,0
138,11.7355940203,3.54876208867,0.0,2,0
139,13.4716104062,3.20305390763,0.0,2,0
140,12.4460729815,4.14843517432,0.0,2,0
141,10.0930068412,6.79656316345,0.0,2,0
142,3.17629600468,0.415115714836,0.0,7,0
143,-9.81227848702,-8.61432415214,1.0,0,0
144,-4.7040012633,3.64988798548,1.0,5,0
145,6.2783422569,-1.64717845157,0.0,1,0
146,0.750787666342,4.03978420634,1.0,1,0
147,-3.04484899968,-4.22394568143,0.0,7,0
148,13.2359061614,7.36994578882,0.0,2,1
149,10.4950942409,6.80423953834,0.0,2,0
150,-0.798856898111,10.1824718243,1.0,3,0
151,-6.82348071005,-4.13564718278,1.0,6,0
152,-6.2334962022,0.158938576724,0.0,6,0
153,-0.00997410428874,-0.00296699297547,1.0,7,0
154,9.48855642597,2.97737234846,0.0,2,0
155,9.00847528687,5.68796244963,0.0,2,1
156,2.13875007254,4.41497795047,1.0,1,0
157,1.40170012726,11.7619900223,0.0,3,0
158,-6.78005851648,6.33114079787,1.0,5,0
159,1.63364322289,5.56522063712,1.0,1,0
160,-13.995300441,-4.37456099965,1.0,0,0
161,-12.4473014297,-3.66094232992,1.0,6,0
162,-9.81467018944,-6.09838196838,1.0,0,0
163,0.402101956942,11.1158324314,0.0,3,0
164,12.8182088081,7.35833493813,0.0,2,0
165,-6.49876999193,-2.07039766606,1.0,6,0
166,-11.2151665568,-8.8066161786,1.0,0,0
167,-7.07231729575,-7.79478802941,1.0,4,0
168,-14.0816914875,-4.76409763111,1.0,0,0
169,7.43703326484,1.24013636489,0.0,1,0
170,5.59940173421,-5.5003387181,0.0,7,0
171,-14.7118721357,-1.7509939804,1.0,0,0
172,6.72364074206,10.8475016721,0.0,4,1
173,-2.32914600346,4.7316223999,1.0,5,0
174,-12.3952646174,-7.11114972442,1.0,0,0
175,-3.89935115236,-9.74628242301,0.0,6,1
176,-0.038376148767,-0.376272259528,0.0,7,0
177,0.220185131591,12.2427006344,1.0,3,0
178,-10.5834551082,-6.72268742068,1.0,0,0
179,-11.3929544607,-8.75878100406,1.0,0,0
180,-7.65586750863,4.65017458968,0.0,5,0
181,4.62895145414,7.99108281201,1.0,6,0
182,-2.30610693469,-7.68643684339,1.0,7,0
183,-8.82509944667,7.04470654799,1.0,5,0
184,3.52906882418,2.83147513815,0.0,1,0
185,11.5620898921,3.84179054333,0.0,2,0
186,-14.7472649158,-4.72760899854,1.0,0,0
187,-11.1812121396,-7.81259986204,1.0,0,0
188,-5.8473476792,-7.36978604265,1.0,4,0
189,-12.3175498516,-1.86335940145,1.0,0,0
190,-10.1259981569,-11.0564999097,0.0,2,0
191,10.0757444482,-10.2527245412,0.0,8,1
192,6.09510365028,-4.63406591927,0.0,7,0
193,-0.847562371288,7.39696320917,1.0,5,0
194,-11.4235470771,-6.56987109885,0.0,0,0
195,-5.82804073292,4.01585615058,1.0,5,0
196,3.43742766841,-5.95529033267,1.0,7,0
197,2.14076756377,-0.86513248026,0.0,7,0
198,6.50485776132,-2.22401847215,1.0,7,0
199,-14.7428769513,-0.449994470597,1.0,0,0
200,-6.90205757646,-1.96005044577,0.0,6,0
201,2.15626118904,1.70399158145,0.0,7,0
202,0.811071270291,9.9449787111,0.0,3,0
203,8.34822708453,3.19480484026,1.0,6,0
204,-2.85359123934,3.23643646788,1.0,5,0
205,-1.01577873051,-0.803513543782,1.0,7,0
206,8.93582510396,4.27826025309,1.0,1,0
207,11.8009241045,-6.36859953324,0.0,1,1
208,5.13164566386,0.905660028425,1.0,6,0
209,-9.91074842792,-9.0821355393,1.0,0,0
210,-14.5073739402,-4.97699609921,1.0,0,0
211,-1.43090541987,-2.5368650547,1.0,7,0
212,0.65302366915,-6.01137793528,1.0,7,0
213,-11.5513641046,-9.18347938708,1.0,0,0
214,-14.5203303947,-3.49911772492,1.0,0,0
215,-11.5539495675,-8.26699044885,1.0,0,0
216,-9.45489628704,-1.92744833594,1.0,6,0
217,-11.3444680081,-4.41948907788,1.0,0,0
218,4.02465602166,-1.0910680254,0.0,7,0
219,6.54583111514,-2.01810009096,0.0,1,0
220,1.89810964047,2.22197503947,1.0,7,0
221,8.70992796737,5.805454839,0.0,2,0
222,-11.2798601621,-1.80906019301,1.0,0,0
223,7.7541389367,-2.24971693442,0.0,1,0
224,1.5153537923,-6.65955838437,0.0,7,0
225,15.0811010715,5.41520705158,1.0,2,0
226,5.70565284562,5.72433969474,0.0,1,1
227,-10.1729523676,-5.63684778196,0.0,0,0
228,7.04312558358,-1.98257918597,0.0,1,0
229,-1.4979445948,3.71280765041,1.0,5,0
230,-8.28639461093,-11.3454034739,0.0,4,1
231,-3.37097461895,6.72847752242,0.0,5,0
232,10.0391976295,-10.2606646382,0.0,8,1
233,-7.10785530402,4.6466712346,1.0,5,0
234,3.03565375846,0.413661394024,1.0,7,0
235,-0.0603500637575,-9.25146850036,1.0,7,0
236,12.279482115,6.04508821692,0.0,2,0
237,-3.01258785061,10.6479823253,1.0,0,0
238,1.25525469299,2.62829859291,1.0,7,0
239,6.70589445944,-5.07754641305,1.0,7,0
240,-2.62721433705,4.24605921512,1.0,5,0
241,-2.30228206018,4.6527500634,0.0,5,0
242,9.42947738446,3.73883028205,0.0,2,0
243,0.267555874913,8.39627868587,1.0,3,0
244,-12.1761408278,-7.37868219247,1.0,0,0
245,-11.5308108847,-8.03521670294,1.0,0,0
246,8.08897111761,2.20938710719,0.0,1,0
247,-12.0599483397,-6.87697502693,1.0,0,0
248,-3.00427627688,-1.61152892671,0.0,6,0
249,11.3581775996,-2.71315582445,0.0,5,0
250,8.86484090855,4.49542061008,0.0,2,0
251,-1.2431869289,-8.88044597231,0.0,7,0
252,5.50324226651,4.25927212652,0.0,1,0
253,5.2640633184,-5.19169640272,0.0,7,0
254,8.63196133978,-0.529708342372,1.0,1,0
255,-0.793186169402,-3.34157069673,1.0,2,0
256,5.96541296456,-6.56076989156,0.0,7,0
257,3.66120395767,0.75216250713,0.0,7,0
258,11.5897369945,5.70047611804,0.0,2,0
259,-6.7999567042,-8.25800855343,1.0,4,0
260,12.2167526382,6.90652168905,0.0,2,0
261,-14.1801367282,-0.522204110876,1.0,0,0
262,1.52270151117,-6.46845106919,0.0,7,0
263,-2.60136036963,-1.76185574259,0.0,7,0
264,4.29183097367,0.850126749752,1.0,1,0
265,5.6512139464,-2.90790429303,0.0,7,0
266,-4.34110543442,-8.21405970392,1.0,6,0
267,-10.5443139657,-6.63524122772,1.0,0,0
268,5.28921550996,-5.18418564305,0.0,7,0
269,-10.3798798727,-10.8790904901,1.0,2,0
270,-7.87725531631,-3.64960545659,1.0,6,0
271,-11.053095914,-4.46988757702,1.0,0,0
272,0.780831939515,-3.5438334823,0.0,7,0
273,8.27843161685,-0.24261506899,0.0,1,0
274,-9.06094045449,6.45041973568,1.0,5,0
275,-2.29370956525,10.8312554898,0.0,3,0
276,-1.65875164774,9.92790069809,1.0,0,0
277,11.7359122809,9.05690757023,0.0,2,0
278,-2.43157897363,2.60256730886,1.0,5,0
279,4.30387634514,-1.06258976834,1.0,6,0
280,0.877433877483,8.2938903381,1.0,3,0
281,-3.85636340826,2.13214291476,1.0,4,0
282,10.6811989943,-0.63695387405,0.0,1,0
283,1.29214117905,-4.08180643559,0.0,7,0
284,-6.76610918661,-7.27464312606,1.0,6,0
285,10.0374641148,6.60256961303,0.0,2,0
286,1.5465341391,3.64668728054,0.0,1,0
287,8.26202158144,-0.451268579258,0.0,1,0
288,-10.8293654868,0.275625399874,1.0,6,0
289,6.4083898991,-4.85474687687,0.0,7,0
290,-4.69538693668,4.909738005,0.0,5,0
291,-14.468320404,-4.56709726039,1.0,0,0
292,-9.00966562616,-4.95360659225,1.0,6,0
293,4.36076413709,3.87735320226,0.0,1,0
294,-1.66980426054,1.52095535757,0.0,7,0
295,0.945621099984,-4.36027462678,0.0,7,0
296,-8.47235313941,-2.96670013012,1.0,6,0
297,12.5436423112,7.26494964994,0.0,2,0
298,-3.46618650892,-6.0981283306,1.0,6,0
299,-1.77249792188,4.68699628109,0.0,5,0
300,-2.57594046973,10.7344387411,1.0,3,0
301,-3.2347794352,6.71856273294,1.0,5,0
302,-5.24089299969,-2.62244161418,0.0,6,0
303,-5.33706421585,6.36690368092,0.0,5,0
304,-1.05596797034,-5.42889158842,0.0,2,0
305,-11.7286052214,-10.7271718138,1.0,0,0
306,1.35742252626,4.3797168609,1.0,1,0
307,-1.02930447794,11.8163315186,1.0,3,0
308,2.6844930898,1.19609290319,1.0,7,0
309,-13.8675173789,-1.81037840902,1.0,0,0
310,-3.04820331458,-7.26372553674,0.0,6,0
311,-8.68913908295,-11.6105279808,0.0,2,1
312,4.4101794329,5.03127797165,1.0,1,0
313,9.5750099923,4.67453642135,0.0,2,0
314,-14.8104323938,-1.64319742795,1.0,0,0
315,-6.96725000622,-7.77237711364,1.0,4,0
316,-8.44589971217,6.03853285875,0.0,5,0
317,-0.999065263237,11.6649253516,1.0,3,0
318,0.121750468222,4.87264438052,1.0,5,0
319,-4.34211853995,-8.34243109669,1.0,6,0
320,-14.2847145867,-4.99638412284,0.0,0,0
321,-5.80177388891,-3.31275232012,1.0,6,0
322,-1.69309866707,1.54801105305,0.0,7,0
323,-2.40480990996,2.58812919572,1.0,5,0
324,13.5223069944,7.47701672818,0.0,2,1
325,10.2999382076,5.87049405309,0.0,2,0
326,1.93445482185,4.42946160926,0.0,1,0
327,-10.9459697104,-2.56180504834,1.0,0,0
328,-3.90197708693,-9.7478625984,0.0,6,1
329,0.0921608347976,-5.93472674302,0.0,7,0
330,7.19320509034,-8.21820643894,0.0,4,1
331,-9.11145662235,0.821624486115,1.0,6,0
332,-13.788109943,-2.60784607153,1.0,0,0
333,-8.30657491162,-5.59064933306,1.0,6,0
334,-5.48880680627,-2.23150612116,1.0,6,0
335,-7.09746085282,-7.12440544249,1.0,6,0
336,-3.70938356866,10.2083199412,1.0,0,0
337,5.90078820261,-6.59372036807,0.0,7,0
338,12.0026794239,8.13727422099,0.0,2,0
339,8.88916308889,5.96500877318,0.0,2,0
340,-2.3156461042,4.72317082001,1.0,5,0
341,6.36226551339,2.66567884852,0.0,1,0
342,-13.6119829485,1.0134131273,1.0,0,1
343,12.4989902024,6.12924686635,0.0,2,0
344,-13.3504644461,-4.35660451369,1.0,0,0
345,5.5854371253,-1.865005077,1.0,7,0
346,-0.733245910592,10.1909566333,1.0,3,0
347,-6.21897192952,-11.0018340106,1.0,4,1
348,11.7617764134,-6.37474991774,0.0,1,1
349,-3.46046744234,6.7039058073,1.0,5,0
350,-11.0116794586,-0.0592353922217,1.0,6,0
351,-2.03768280991,3.42544099451,0.0,5,0
352,-2.43781884272,2.28879112237,1.0,5,0
353,3.55089463998,2.84537378877,0.0,1,0
354,-7.28265114977,-3.35160058098,0.0,6,0
355,10.5596823274,-0.0128992800484,0.0,1,0
356,-5.75172221026,7.58442573996,1.0,5,0
357,-7.54906561043,-0.838990145873,0.0,6,0
358,7.71071838521,-4.82279781516,0.0,1,0
359,5.64561232531,3.8410877285,0.0,1,0
360,1.63545403356,0.257260454969,1.0,7,0
361,-9.80576436316,-8.3514934247,1.0,0,0
362,-12.8773741827,-4.26784606515,1.0,0,0
363,-10.4487258738,-9.46238978105,1.0,0,0
364,-7.6734890126,1.57130663755,1.0,0,0
365,11.7625432197,-6.37346997611,0.0,1,1
366,-0.174581546203,-4.35443394582,1.0,7,0
367,7.16805674363,-8.22517034501,0.0,4,1
368,-15.3157722697,-3.30666038056,1.0,0,0
369,-7.28796726438,-3.26895395838,1.0,6,0
370,11.5828013428,6.617663229,1.0,2,0
371,-6.99480558711,-2.05607354615,1.0,6,0
372,-8.27470790716,7.76294189641,1.0,5,0
373,8.67585910455,7.14549251011,0.0,2,0
374,9.80686762234,-10.6982298628,0.0,8,1
375,-11.3151367772,-5.80559838859,1.0,0,0
376,5.13288103425,-3.39510381903,1.0,7,0
377,-14.8393683738,-3.6756717032,1.0,0,0
378,-11.585294407,-6.63443225262,1.0,0,0
379,-1.28374003044,2.65026101075,0.0,7,0
380,1.700931472,2.32944652436,1.0,7,0
381,7.25186883365,4.43779265274,1.0,1,0
382,6.48635993058,-4.65116812659,0.0,7,0
383,-2.61351807076,5.16177301964,1.0,2,0
384,-10.5069332641,-6.33665758598,1.0,0,0
385,-5.46084081101,8.02013791387,1.0,5,0
386,11.2430274279,5.37102127602,0.0,2,0
387,-2.24646661851,6.30297253387,0.0,5,0
388,2.58901548799,-1.43644250321,0.0,7,0
389,-5.08274830234,-2.39353478923,1.0,6,0
390,-0.0526968538483,-0.0183362129777,1.0,7,0
391,11.310580855,3.24741932375,1.0,2,0
392,4.96746690527,2.89947725459,0.0,1,0
393,-13.1503698543,-7.97080180225,1.0,0,0
394,-0.930164555571,-7.45835031641,1.0,7,0
395,10.1993871824,0.202385367449,0.0,1,0
396,4.4565935517,0.804930746037,0.0,1,0
397,1.72943857082,-1.77771143732,1.0,7,0
398,-5.81801118494,-4.30223865436,1.0,6,0
399,-8.18849025152,-9.41654387629,0.0,4,0
400,-0.151999494322,-5.49222887992,0.0,7,0
401,-11.5726506571,-1.58423163806,1.0,0,0
402,3.53227908448,1.44709900241,1.0,7,0
403,5.74642495061,-5.14994482871,0.0,7,0
404,-10.0042802695,-8.70215450293,1.0,0,0
405,-13.1145315971,-8.52599162035,1.0,0,0
406,10.2416680761,7.45454936346,0.0,2,0
407,-5.58030720927,5.87649563206,0.0,5,0
408,-9.00463748834,6.65548469158,1.0,5,0
409,-14.0685031531,-2.07488615722,1.0,0,0
410,-10.3360787625,-1.47252082572,1.0,0,0
411,3.14945878775,-1.20288582573,0.0,7,0
412,10.1023609992,-10.2986776983,0.0,8,1
413,-11.0961999458,-6.94729418584,1.0,0,0
414,9.58550835984,1.40343223213,0.0,6,1
415,6.71698702969,10.8454184571,1.0,4,1
416,-8.47216797478,-2.01970630061,1.0,6,1
417,-11.4098672237,-1.04110826388,1.0,6,0
418,-12.7725402881,-8.7949156147,0.0,0,0
419,10.230196687,-3.10191544738,0.0,1,0
420,13.5154207087,0.166916091341,0.0,1,0
421,2.19282427463,1.4934311498,1.0,7,0
422,-5.33209235374,-6.10305221133,1.0,4,0
423,1.53849684668,-0.998264977317,0.0,7,0
424,4.23342352478,-2.63305169809,0.0,7,0
425,-1.06466680415,12.0379689878,0.0,3,0
426,9.3001125801,-0.233648769287,0.0,1,0
427,-4.78589209342,-5.43095308276,1.0,6,0
428,1.60251235137,-0.971405155469,0.0,7,0
429,0.110346690355,10.6901571066,0.0,3,0
430,-10.1382751911,-10.1104275815,1.0,2,0
431,-5.57567291389,-1.6270429502,0.0,6,0
432,1.59514660325,-2.93856145618,0.0,7,0
433,-7.13618487596,-0.8808997597,0.0,6,0
434,-5.20884466338,3.69052351525,1.0,5,0
435,8.116243206,5.91547938958,0.0,1,0
436,13.2695625513,7.39560392081,0.0,2,1
437,9.77414674677,-2.82895526956,0.0,1,0
438,4.43298908759,-2.78678625245,0.0,7,0
439,-11.5830510594,-1.50952952228,1.0,0,0
440,-1.38117401816,-2.87008675905,0.0,7,0
441,4.46580034395,-4.50518132607,1.0,7,0
442,8.04556642845,6.61002163009,1.0,1,1
443,-4.94121416243,-3.01689145169,0.0,6,0
444,-7.61153517294,-7.90105939519,1.0,0,0
445,-9.0108786365,-5.86982489605,1.0,0,0
446,11.4992067633,3.4555944283,0.0,2,0
447,-10.8764838427,0.359982382652,1.0,6,0
448,8.11800508258,7.2739259164,0.0,2,1
449,-7.12892639519,-0.785551427544,0.0,6,0
450,-5.92638881206,-10.4021292288,0.0,4,1
451,0.707880575887,9.20674866591,1.0,3,0
452,-11.291678865,-7.61164706053,1.0,0,0
453,-7.61579192216,-3.11336250454,1.0,6,0
454,12.1020990245,-3.09184764347,0.0,1,0
455,5.31019755318,4.17609011706,1.0,1,0
456,6.04720939678,0.796447895424,0.0,1,0
457,10.0865286522,-7.61778581079,1.0,7,1
458,10.169833473,1.11100768904,0.0,1,0
459,1.00067250196,3.95649500298,1.0,1,0
460,2.5764998579,9.42415855457,0.0,3,0
461,10.5753447558,-2.89139726496,1.0,1,0
462,0.250685323104,1.74375155943,1.0,7,0
463,-11.4888379068,0.0237164791331,1.0,0,0
464,0.938259764337,-0.177204828157,0.0,7,0
465,-5.93736742368,3.69485591428,0.0,5,0
466,10.8178501419,4.24900180787,0.0,2,0
467,-5.81120340138,-4.01652336519,1.0,6,0
468,7.13558839489,-4.75246248456,1.0,7,0
469,-0.797691949075,0.98386583294,1.0,7,0
470,-9.3628817405,-2.04208561497,0.0,6,0
471,8.0174033654,-0.216710621127,0.0,1,0
472,12.2248382657,7.42831769689,0.0,2,0
473,0.24505971106,8.84683789947,1.0,3,0
474,-2.05558472594,10.718214109,1.0,3,0
475,9.31920829041,-3.67657489302,1.0,1,0
476,-11.357796795,-9.49832840676,1.0,0,0
477,10.199979885,0.171327680515,0.0,1,0
478,-9.01568401437,-4.93950542217,1.0,6,0
479,1.32623033523,-1.53852829591,1.0,7,0
480,-11.1199242059,-2.51933986184,1.0,0,0
481,-1.00402436121,7.29581475365,1.0,5,0
482,0.120964098109,-7.18186277203,0.0,7,0
483,3.01180792376,1.06247193544,0.0,7,0
484,9.91734265878,-10.2619213168,1.0,8,1
485,-10.8481836883,-4.3137007786,1.0,5,0
486,10.3777472952,-9.2400284174,0.0,8,1
487,9.56356753129,3.93839056652,0.0,2,0
488,0.299008846521,-5.79771402685,1.0,7,0
489,2.65195817897,-1.46970102079,0.0,7,0
490,-6.20695489444,-11.021211446,1.0,4,1
491,1.77038190793,5.27309455394,0.0,1,0
492,7.70265287312,-3.51039343052,0.0,1,0
493,9.45506107938,-1.44480661957,0.0,1,0
494,5.57624310288,-1.84916562154,1.0,7,0
495,7.62891522416,5.0348371767,1.0,2,0
496,12.3504098778,-0.669327154957,0.0,1,0
497,-7.11958722246,-5.8468186045,1.0,6,0
498,7.89434140544,-4.6483417596,1.0,1,0
499,-15.4654192499,-2.16874018921,1.0,0,0
500,1.70093078325,2.32944518858,1.0,7,0
501,-3.11988774001,-6.16132349667,0.0,7,0
502,-1.2819089346,-2.3360151367,1.0,7,0
503,-0.118916734079,-4.90669678788,0.0,7,0
504,1.0622831091,3.91019413165,1.0,1,0
505,-9.87853431162,1.19914229959,1.0,6,0
506,-7.09034392077,-3.51510836446,1.0,6,0
507,0.458453140444,4.90538060215,1.0,5,0
508,7.05453874279,1.3342022918,0.0,1,0
509,-6.13209881675,6.9394466334,0.0,5,0
510,14.3846008972,6.38866322337,0.0,2,1
511,1.44666411188,3.93769923541,1.0,1,0
512,-11.151128623,-8.38545273182,1.0,0,0
513,-6.06156995878,-8.78053530767,1.0,4,1
514,-9.73768514092,-5.13793962593,1.0,0,0
515,13.7494357418,3.35755672661,0.0,2,1
516,9.71300082812,6.78971090403,1.0,2,0
517,-12.951140566,-5.96611187623,0.0,0,0
518,-5.904004741,6.36377934263,1.0,5,0
519,-2.58521174894,-1.93884518558,1.0,7,0
520,1.54379343008,12.0551033644,0.0,3,0
521,-10.3527958026,-2.41419641459,1.0,0,0
522,-6.53125575306,4.538326309,1.0,5,0
523,9.64586666475,-9.93710231635,0.0,8,1
524,-11.8986745243,-8.05702659546,1.0,0,0
525,-4.30260305902,1.32546770739,0.0,4,0
526,12.0220623852,8.58275965082,0.0,2,0
527,1.31803644956,1.60164962539,1.0,7,0
528,-12.8878963732,-3.14678743085,1.0,0,0
529,10.5852665659,-0.854178209089,1.0,1,0
530,-2.46148986829,-7.3863991336,1.0,7,0
531,-3.27205466577,-3.14770675485,0.0,7,0
532,8.82217759394,7.9908695813,0.0,2,0
533,-9.6307704269,1.25416882063,1.0,6,0
534,4.62524607467,0.284037323162,0.0,7,0
535,-5.47598836003,5.87028990434,1.0,5,0
536,9.48762173829,-0.517033039922,1.0,1,0
537,3.26527413909,3.7457283143,0.0,1,0
538,-10.7668494014,-7.22133047693,1.0,0,0
539,1.27391750591,-3.60000670472,0.0,7,0
540,-11.4246312009,-1.13401158341,1.0,6,0
541,-3.8473893229,-1.03940972968,0.0,6,0
542,-14.3602225802,-2.53640822568,1.0,0,0
543,1.53877382813,11.593880391,0.0,3,0
544,-2.30991246,5.16446928988,1.0,5,0
545,-5.06544032973,-5.59030579865,0.0,6,0
546,-3.29548236897,4.86857197752,1.0,5,0
547,4.43072452006,4.98482788667,1.0,1,0
548,4.36456893007,4.92690574526,0.0,1,0
549,-11.8768366097,-7.48980451546,1.0,0,0
550,-4.65434769701,6.25540272728,0.0,5,0
551,-13.0263261536,-2.65834033582,1.0,0,0
552,-10.9964532292,-8.34614292227,1.0,0,0
553,-0.24996032278,-5.02203254895,0.0,7,0
554,-0.771360259256,-8.86138631618,1.0,7,0
555,-4.56872632679,7.52234488977,1.0,5,0
556,-0.257784288217,8.69702272159,0.0,7,0
557,5.46315594078,-5.99009605698,1.0,7,0
558,12.2952820434,6.38785210886,0.0,2,0
559,5.60395461972,-1.73884325828,1.0,7,0
560,-5.41949826724,3.0774970847,1.0,5,0
561,3.86030025089,3.88025745183,0.0,1,0
562,3.26522132777,3.74570688066,0.0,1,0
563,-7.72170680093,-1.39546444757,1.0,6,0
564,8.03811863815,-1.66874823523,1.0,1,0
565,5.80080348761,-6.94647602961,1.0,4,0
566,-0.83000974709,-2.86765479834,0.0,2,0
567,-11.3055762389,-8.52799763166,1.0,0,0
568,6.9406879365,7.89337598227,1.0,2,1
569,-7.07340090027,6.03771578594,1.0,5,0
570,-0.0613593123682,-5.76453041539,1.0,7,0
571,-10.703574582,1.07153389401,1.0,3,0
572,10.8050735376,6.74184783165,0.0,2,0
573,6.90886350353,-5.37457826484,1.0,7,0
574,-6.91651897374,-4.01695933713,1.0,6,0
575,-8.66107399365,-9.29723132317,1.0,4,0
576,6.98926224183,-0.621107615479,0.0,1,0
577,0.947723306265,-0.228646625799,1.0,7,0
578,-0.0335281119208,3.6335642168,0.0,5,0
579,10.7202695203,6.30160699713,0.0,2,0
580,-1.78326261634,4.14648294721,1.0,5,0
581,0.44174164414,7.10868815551,0.0,5,0
582,4.68365648348,-4.64891268854,0.0,7,0
583,-0.75084814405,5.83257128809,1.0,5,0
584,-8.32437767237,7.72602440597,1.0,5,0
585,1.02607154387,10.8622965956,0.0,3,0
586,2.66991612952,2.62671567451,0.0,1,0
587,-13.0454147618,-7.80366447718,1.0,0,0
588,-3.0794022353,-4.18912163908,0.0,7,0
589,12.6602428753,-1.17919316408,0.0,1,0
590,-10.685620594,-2.26049642455,1.0,0,0
591,-2.87792811532,-6.04451863298,1.0,7,0
592,-10.1537797935,-10.0855155722,1.0,2,0
593,7.11058916159,4.93200459386,0.0,1,0
594,0.659700226882,7.77466045684,0.0,5,0
595,3.00556334316,1.90758743118,1.0,1,0
596,1.37215898318,-3.35289341933,1.0,7,0
597,10.3824364126,7.77682096638,1.0,2,0
598,0.458404569971,4.90541033129,1.0,5,0
599,-6.22275056948,7.28157456033,1.0,5,0
600,8.54062942636,-5.70307633781,1.0,4,0
601,-9.0644793153,6.45873839118,1.0,5,0
602,-13.0578196087,-6.16957260801,1.0,0,0
603,-3.58282815504,-3.6301256889,1.0,6,0
604,-6.08682163505,-6.49354825821,1.0,6,0
605,-4.20611634527,-7.13462399522,0.0,6,0
606,10.8285168361,6.41326209365,0.0,2,0
607,-15.29106538,-3.72862697033,1.0,0,0
608,10.4615290935,2.82098120871,0.0,2,0
609,1.19793442288,-4.11094832989,0.0,7,0
610,1.41429449773,11.6140579794,0.0,3,0
611,1.17558000795,0.555143661125,0.0,7,0
612,9.5573912364,1.33416654842,0.0,4,1
613,9.79911427837,-10.1028943173,0.0,8,1
614,-10.0568791639,-11.0235291143,1.0,2,0
615,0.350389815081,-4.99753823754,1.0,7,0
616,7.57511294601,4.11985279952,0.0,2,0
617,9.73844443474,6.78739178379,1.0,2,0
618,-2.28617606098,10.8820604403,0.0,3,0
619,5.6277846175,-5.55114378612,0.0,7,0
620,6.62940390298,-3.26534077614,0.0,1,0
621,-10.8124167676,-7.95654439885,1.0,0,0
622,-4.22144960062,-7.18211498173,0.0,6,0
623,-12.4471246217,-2.01706504829,1.0,0,0
624,-5.49977751571,-2.40511786085,1.0,6,0
625,12.4212303792,4.43967620391,0.0,2,0
626,-0.177792309899,-5.49382303244,0.0,7,0
627,-9.54037084552,-3.48379989354,1.0,6,0
628,-0.41094632544,1.34642525325,0.0,7,0
629,-11.6268867536,-6.61196917648,1.0,0,0
630,-15.1740821681,-3.57274427074,1.0,0,0
631,10.0161146753,3.53304450362,1.0,2,0
632,6.16562667542,-4.90781300349,1.0,7,0
633,6.65740142236,2.1128032506,1.0,1,0
634,1.66426008672,-2.50304487147,0.0,7,0
635,9.56020515044,-1.28168008607,0.0,1,0
636,11.0551406219,7.01407566358,0.0,2,0
637,11.4870961346,7.54669276097,0.0,2,0
638,-8.48055468967,5.87112008425,1.0,5,0
639,13.9224839331,7.81153198574,0.0,2,1
640,6.29703940755,-2.70356042153,0.0,1,0
641,10.5253662167,3.93875383511,1.0,2,0
642,2.10085017721,-3.74090571027,0.0,7,0
643,-0.116257780867,-6.0641811764,0.0,7,0
644,9.66177975224,7.32783481033,1.0,2,0
645,1.19479993529,9.06426879788,1.0,3,0
646,11.9958205502,9.57244994457,0.0,2,0
647,6.16975525005,-3.23176909888,0.0,7,0
648,-10.8894398297,1.55045051414,0.0,3,0
649,-13.6697378659,1.02121651928,1.0,0,1
650,3.29646458564,3.77189881627,0.0,1,0
651,-11.961006935,-10.8765022029,1.0,5,0
652,8.98161118185,3.45917889389,0.0,2,0
653,-0.600183663503,-5.51775014415,0.0,7,0
654,10.9057980491,-7.78848203304,1.0,8,1
655,1.6480994188,-6.6522611014,1.0,7,0
656,1.95268193753,4.54258420896,0.0,1,0
657,-9.74127241783,-10.1107319065,0.0,0,0
658,-9.12117596935,0.462947505011,1.0,6,0
659,9.56389026268,3.35296081885,0.0,2,0
660,6.14017289218,-2.36572663936,0.0,1,0
661,2.31474451024,-4.21488707946,1.0,7,0
662,6.87919915867,-2.8913963543,0.0,7,0
663,-1.21239841118,11.2381649388,1.0,3,0
664,-4.93498330145,-2.74935683845,0.0,6,0
665,-2.63949018237,10.8318076637,1.0,3,0
666,-13.1313172035,-8.650830777,0.0,7,0
667,-3.87719060061,-4.07547651291,1.0,6,0
668,-10.4225728906,1.37898842425,0.0,6,0
669,12.4677017326,4.57123291207,0.0,2,0
670,10.0157422325,7.37840911592,0.0,2,0
671,1.51625586281,-2.75663249518,0.0,7,0
672,6.22037881789,-5.627673472,1.0,7,0
673,-6.98588597947,-7.8274655485,1.0,4,0
674,1.03936324869,3.92146600154,1.0,1,0
675,3.16774796752,-0.413545949315,1.0,7,0
676,-4.04425170084,-6.91321984941,1.0,6,0
677,-7.65965345006,-0.437440344641,1.0,6,0
678,-5.2186183614,5.42507189538,1.0,5,0
679,-0.0613000893867,-4.5271008579,1.0,7,0
680,-5.547334437,-2.10085814776,1.0,6,0
681,1.92510559208,-2.3917515573,1.0,7,0
682,11.2574433463,2.79105294362,1.0,7,0
683,-2.76247725854,6.11932575434,0.0,5,0
684,-11.333306193,-6.74566544026,1.0,0,0
685,6.74977465818,7.86316005254,1.0,2,0
686,5.87967651186,5.75430260572,0.0,1,0
687,2.62599557016,10.4777550412,0.0,3,0
688,8.20270187156,-0.153859973499,0.0,1,0
689,-4.93758651171,-1.61112328086,0.0,6,0
690,-4.30951755339,3.61086727088,1.0,5,0
691,5.63690991893,3.85236625812,0.0,1,0
692,-1.17808143688,-8.75709014574,0.0,7,0
693,-0.613000439232,12.2106078802,0.0,3,0
694,8.88786968669,5.75348236425,0.0,2,0
695,-2.7562177767,1.05824131525,0.0,4,0
696,12.1747609692,-3.1839076464,0.0,1,0
697,-14.202611751,-2.54209234294,1.0,0,0
698,4.17002963262,-6.23280417249,0.0,7,0
699,10.0940320515,3.27155435495,0.0,2,0
700,2.19224525432,-3.01554215186,0.0,7,0
701,13.6770738306,0.324613110998,0.0,1,0
702,0.34618060884,11.0332836631,0.0,3,0
703,2.1520551851,8.53800194961,0.0,7,0
704,5.1240181744,-6.00841302742,1.0,7,0
705,5.29507577275,2.37187274235,0.0,7,0
706,-12.7526731548,-1.40143977348,1.0,0,0
707,0.57580650744,8.76471483625,0.0,3,0
708,11.635303785,9.22359604749,0.0,2,0
709,6.47339626312,5.25373566277,1.0,1,0
710,12.0836460225,-0.626844865753,0.0,1,0
711,10.1335888216,-10.1904350637,0.0,8,1
712,-5.73633474247,6.9452050689,1.0,5,0
713,-7.16090429499,-5.55982604547,1.0,6,0
714,12.2567432489,6.91688427146,0.0,2,0
715,0.36321113297,-11.0770453105,0.0,2,0
716,7.43772744165,0.0789340623585,0.0,1,0
717,1.10552319634,-0.399335005927,1.0,7,0
718,4.29705862229,-5.77587527243,1.0,7,0
719,4.20916827624,-2.95563356939,0.0,7,0
720,1.01291591415,-5.25093958112,1.0,7,0
721,1.37617288316,3.56702135816,1.0,1,0
722,-4.66678850256,-2.81370920234,0.0,6,0
723,-15.4884511705,-1.71517767388,1.0,0,0
724,-5.26821614951,-5.70078325271,1.0,6,0
725,-8.92780867991,6.39549723933,1.0,5,0
726,4.62336625442,8.01663238005,1.0,6,0
727,1.82743639965,-6.20176113023,0.0,7,0
728,7.31829685398,-5.96295524211,0.0,5,0
729,2.85125704671,-1.31128647073,0.0,7,0
730,-4.21585261683,3.5203322818,1.0,5,0
731,-5.27354836456,-5.73857431558,1.0,6,0
732,11.0582683638,-7.85353334709,0.0,8,1
733,11.7256659109,-6.41060233799,0.0,1,1
734,-1.3230860582,3.13763555379,1.0,2,0
735,-0.209693601747,10.4541630801,0.0,3,0
736,7.21532142065,-2.60343447238,0.0,1,0
737,-9.16552896955,-5.80236624218,1.0,0,0
738,12.2828669913,-0.693301217801,0.0,1,0
739,1.41084487888,11.7671985396,0.0,3,0
740,4.36965312172,-2.86425898771,0.0,7,0
741,7.06560916875,-8.36522050539,0.0,7,1
742,0.30793442946,4.72474222704,1.0,5,0
743,0.315246885518,1.13371265669,0.0,7,0
744,3.99315783084,3.72168738793,0.0,1,0
745,-11.4258230693,-8.90164516786,1.0,0,0
746,11.8010505778,3.46449670479,0.0,2,0
747,-11.1999913037,-2.41872288708,1.0,0,0
748,10.5964695087,-2.84000674994,1.0,1,0
749,-6.20308018816,-11.0114014273,0.0,4,1
750,10.9219656761,9.57138974984,0.0,3,0
751,-4.98012401584,-1.79451671723,0.0,6,0
752,-5.2409087149,8.45759769236,1.0,5,0
753,4.94337906699,-0.573134862968,1.0,7,0
754,7.0506413707,1.32066483922,0.0,1,0
755,10.5219056205,6.44297497027,1.0,2,0
756,4.70543218231,-4.64624423866,1.0,7,0
757,1.20475926767,-6.02053605683,0.0,7,0
758,-10.9001862889,0.524679457055,1.0,6,0
759,11.2898205232,8.96244841341,0.0,2,0
760,0.402510191674,11.1121309178,0.0,3,0
761,-4.27904221864,-4.1555671144,0.0,6,0
762,7.0711677671,5.78674252584,0.0,2,0
763,-6.98562372615,-6.67597307368,1.0,6,0
764,-6.27338107424,-0.776764318353,0.0,6,0
765,4.54766821809,8.05100767576,1.0,4,0
766,-14.5442882757,-3.39521303092,1.0,0,0
767,7.56290935571,2.1430155354,1.0,1,0
768,-15.1441095468,-4.47049117858,1.0,0,0
769,-2.11476811792,10.578569044,1.0,3,0
770,5.72350513662,5.59046166308,0.0,1,1
771,9.30890250147,-0.50847266306,1.0,1,0
772,-8.14538790139,-0.209287292199,0.0,6,0
773,-1.58211720528,-3.22082650086,1.0,7,0
774,12.1669780121,8.67809824504,0.0,2,0
775,8.86731100401,7.70815969958,0.0,2,1
776,15.1074768313,5.37076705783,0.0,2,0
777,1.03072583372,-3.40812015709,1.0,7,0
778,5.70390744231,-7.15556869898,1.0,4,0
779,0.244232427696,1.10188762447,0.0,7,0
780,-15.7222968421,-3.27913700351,1.0,0,0
781,11.7679652854,2.81416923027,1.0,2,0
782,3.43467575645,10.8190271292,0.0,4,0
783,-7.87240853417,-11.495652315,0.0,4,1
784,-14.423351952,-1.68100400308,1.0,0,0
785,-12.0277467152,-2.59209136494,1.0,0,0
786,1.59473028739,3.38216325644,1.0,1,0
787,-3.26157619881,6.78937695589,1.0,5,0
788,4.94523849932,4.94385875249,0.0,1,0
789,12.7464585967,4.80372306197,0.0,2,0
790,-4.89152212179,-7.27861000503,1.0,6,0
791,-7.71054386228,-1.55153368472,0.0,6,0
792,10.0610397264,2.91830859233,0.0,2,0
793,4.26756532993,-2.89048535285,1.0,7,0
794,1.70093074666,2.32944474898,1.0,7,0
795,-4.83973429156,-1.64141559744,0.0,6,0
796,12.5034283797,6.43554625859,0.0,2,0
797,-4.26417703663,1.42978217079,1.0,4,1
798,8.41918849237,8.0244398796,0.0,1,0
799,1.18100348776,2.98521633171,0.0,7,0
800,-0.944882817499,-3.13431807716,1.0,2,0
801,10.8877749948,-2.88246638796,1.0,1,0
802,1.89390846842,-0.604355356745,1.0,7,0
803,2.27084159617,2.59867683983,0.0,7,0
804,4.91404769095,-5.75903857667,0.0,7,0
805,3.93803875591,2.1108980232,1.0,1,0
806,-0.158917134597,8.74352017743,1.0,5,0
807,0.699692164088,-7.81108441918,0.0,2,0
808,-5.53663081816,-5.18795911568,1.0,6,0
809,1.12889911716,7.75340355847,0.0,1,0
810,1.65416043442,-1.23363932506,0.0,7,0
811,10.4323474524,-8.7329098606,0.0,8,1
812,-10.1344640353,-9.6344291911,0.0,0,0
813,-12.8748276673,-3.21122232766,0.0,0,0
814,0.633826408306,13.0791291018,1.0,3,0
815,-5.02066393847,-0.615126965594,0.0,6,0
816,-2.39951039953,10.3523705898,1.0,0,0
817,-7.0374189604,-7.33212179095,1.0,0,0
818,-0.208051349853,-9.33022564472,1.0,7,0
819,6.32614988838,3.91861428157,0.0,1,0
820,13.4690894524,-0.962313856279,0.0,1,1
821,-9.10209572087,-6.52535599313,1.0,0,0
822,-0.57557462156,7.94594190996,1.0,3,0
823,12.8775331058,5.22219897638,0.0,2,0
824,-0.00997409076503,-0.00296698122325,1.0,7,0
825,9.95162222057,-10.0700170638,1.0,8,1
826,-5.80215211011,6.62153734981,1.0,5,0
827,-8.63225174988,-4.96332118661,1.0,6,0
828,-7.61544342253,1.33047284333,1.0,2,0
829,0.522580184582,5.71696910453,0.0,5,1
830,9.98506777375,6.76059975668,1.0,2,0
831,-7.84855092131,-0.356711970293,1.0,6,0
832,-15.8231169591,-2.46943146954,1.0,0,0
833,4.31378604575,5.31334721894,1.0,7,0
834,4.46614623705,5.19495478005,0.0,7,0
835,6.76192070317,7.70718717593,0.0,2,0
836,-4.93589602878,-1.66180430862,0.0,6,0
837,-0.225498668062,-8.9410700515,1.0,7,0
838,6.51063279227,3.28542297316,0.0,1,0
839,2.41747274011,0.6814843119,0.0,7,0
840,5.49975487813,4.21113529744,0.0,1,0
841,-15.6196107728,-2.49094094009,1.0,0,0
842,5.00766565313,0.905945235448,1.0,6,0
843,12.5767471051,5.20985978416,0.0,2,0
844,-10.2262043636,-5.79338988995,0.0,0,0
845,-14.2275854483,-3.99935593824,1.0,0,0
846,10.4816703507,6.79876636877,0.0,2,0
847,2.91314383247,-6.42804866552,1.0,7,0
848,1.10534865645,-2.22175121429,0.0,7,0
849,9.07073117694,-4.52827796385,1.0,4,0
850,-0.294298414216,-4.44856867737,1.0,7,0
851,2.77773675654,-0.212744546762,0.0,7,0
852,-12.0323167215,-2.00385909851,1.0,0,0
853,0.238860804275,9.22794708957,0.0,3,0
854,4.56809170836,8.01692123114,1.0,4,0
855,0.366145061567,7.50740786725,0.0,5,0
856,-5.14249802977,-6.13759741,0.0,4,0
857,4.3647469902,-2.9412357305,0.0,7,0
858,-6.04019879842,-4.17016678764,1.0,6,0
859,9.39897010504,1.3424145979,1.0,4,0
860,6.90156086755,-0.537075081672,0.0,1,0
861,5.15679829001,5.00493370944,0.0,1,0
862,3.79659661583,-2.55951846671,0.0,7,0
863,6.39466530174,-3.12352879879,0.0,1,0
864,-6.9057710695,-1.98982797264,0.0,6,0
865,10.3448097833,-9.27783276988,0.0,8,1
866,6.1951028933,4.01477147227,0.0,1,0
867,-9.29283198734,-1.89340154482,1.0,2,0
868,-13.8090596143,-1.8037180183,1.0,0,0
869,-10.8914389381,-4.3684226898,1.0,5,0
870,-10.0763173238,-11.181549134,0.0,2,0
871,-1.19966461214,0.711181335477,1.0,7,0
872,-6.44619152952,-11.079287625,0.0,4,1
873,-8.7030692024,-11.5248810136,0.0,4,1
874,5.26403593852,-5.19165567336,0.0,7,0
875,3.61033503534,2.80597444886,1.0,1,1
876,2.04040514003,-2.98227329334,0.0,7,0
877,-3.67578600308,11.4790588321,1.0,3,0
878,-6.82019959633,-0.961917294418,1.0,6,0
879,-7.36845230568,-3.0780404431,1.0,6,0
880,-8.23152950836,-1.19743810631,1.0,6,0
881,-0.258122119422,-5.67320731894,0.0,7,0
882,-6.98012378631,5.96916635741,1.0,5,0
883,-0.556341160767,-1.17066450668,1.0,7,0
884,-12.3256666897,-1.76719034233,1.0,0,0
885,4.42235840011,-2.48339741819,0.0,7,0
886,8.35880792655,5.46197229481,0.0,2,0
887,-5.06066102035,-2.63564815418,1.0,6,0
888,-6.36638037745,4.64596855379,1.0,5,0
889,-1.13948272484,-8.75564354197,0.0,7,0
890,0.685719346886,12.4852540893,1.0,3,0
891,-10.153793559,-10.0855049378,1.0,2,0
892,-7.08831228057,-7.13167558097,1.0,6,0
893,-5.04951120263,-2.64602464693,1.0,6,0
894,7.95038249084,-0.30623214667,0.0,1,0
895,9.89590302195,7.03527510092,0.0,2,0
896,-1.7210977659,11.3818310541,1.0,3,0
897,-10.540939227,-6.61210843792,1.0,0,0
898,-5.6892910645,6.24669786422,0.0,5,0
899,10.2643120645,6.53981053669,0.0,2,0
900,1.21445532826,-1.85001268721,0.0,7,0
901,14.8259582719,5.41646870713,0.0,2,0
902,-13.4554103845,1.02335916441,1.0,0,1
903,-5.61343401395,4.1400407546,0.0,5,0
904,-13.6979108475,-1.87481284177,1.0,0,0
905,-5.85375490357,-13.5862791447,1.0,2,0
906,6.87129531835,-2.94957843211,0.0,1,0
907,-10.1193419018,-11.1001793321,0.0,2,0
908,-3.25601986593,10.3427867523,1.0,0,0
909,6.40732540313,3.02489885954,0.0,7,0
910,4.429807529,-2.82511081425,1.0,7,0
911,3.55411149051,2.83755846352,0.0,1,0
912,-14.5452191673,-3.39118172178,1.0,0,0
913,0.999648800889,8.10438959364,0.0,1,0
914,-5.74030356182,-4.83452663671,1.0,6,0
915,-15.490130078,-2.83998654581,1.0,0,0
916,-3.88426644595,2.08284848893,1.0,4,0
917,9.60444314279,1.47649655906,0.0,2,1
918,7.93723650507,-1.83777718006,0.0,1,0
919,0.638191902452,2.50453786314,1.0,5,0
920,1.9399060196,-1.609596044,1.0,7,0
921,-12.2962614607,-2.40142012312,0.0,0,0
922,6.377389303,-3.09183321592,0.0,1,0
923,7.20706611823,0.378413240407,0.0,1,0
924,12.6391717878,4.69150505389,0.0,2,0
925,-3.51296560683,11.0113074636,1.0,3,0
926,-14.4004280862,-4.99211004434,1.0,0,0
927,-6.67819452132,-6.98661852747,1.0,6,0
928,5.93855261389,-6.50311908023,0.0,7,0
929,1.47218081295,11.9163310169,0.0,3,0
930,12.4543087132,-2.21125318046,0.0,1,1
931,-2.62230276393,5.1658460923,1.0,2,0
932,3.81428290108,10.4962311085,0.0,4,0
933,-3.38455512375,6.74587247404,1.0,5,0
934,10.256842772,7.52027375668,0.0,2,0
935,-4.8823300323,-2.59078697787,1.0,6,0
936,12.3994049496,-1.42562929422,0.0,1,0
937,-5.54373581479,-5.0838132281,1.0,6,0
938,-9.89502435506,1.276856869,1.0,6,0
939,0.917875144226,8.31398976631,1.0,3,0
940,4.75344066728,-5.16321841581,0.0,7,0
941,1.38513888767,11.668279217,0.0,3,0
942,-2.84929773489,1.86971689043,1.0,4,0
943,4.37968634959,-1.04427503159,0.0,6,0
944,-4.24946197135,6.02114702409,0.0,5,0
945,-13.8426075332,-2.16681270149,1.0,0,0
946,7.27133921184,4.33232787908,1.0,1,0
947,1.15235182707,-7.28651262145,1.0,7,0
948,-9.14870386086,0.857387258846,0.0,6,0
949,0.215602758378,-11.2687836154,0.0,2,0
950,1.60078444716,5.83289736753,0.0,1,0
951,-9.22231449603,-10.1167508721,1.0,4,0
952,-0.210707610293,-5.72552877091,1.0,7,0
953,-12.8185164407,-4.3330441229,1.0,0,0
954,7.08489739594,-8.32554791575,0.0,7,1
955,5.25991435888,-5.19664347492,0.0,7,0
956,-1.39723464502,-8.42913509807,1.0,7,0
957,0.112943918658,10.6935462568,0.0,3,0
958,11.6125409827,-0.383678691581,0.0,1,0
959,1.2930113039,3.27304967358,1.0,1,0
960,6.76011224156,-2.08705905854,1.0,1,0
961,-4.96937110218,-1.76343699641,0.0,6,0
962,-2.49516629319,-7.20944010736,1.0,7,0
963,1.89469610688,0.653876341335,0.0,7,0
964,-10.0770453848,-2.80409656576,1.0,6,0
965,-2.75992844801,1.01808736922,0.0,4,0
966,8.97799421539,8.70308711751,0.0,2,0
967,-9.00652219325,6.65782622547,1.0,5,0
968,5.08737204673,1.21124510622,0.0,1,0
969,12.4624561555,3.5011880275,0.0,2,0
970,-5.50632791674,4.86672226616,1.0,5,0
971,-3.49324933474,-1.13440655973,0.0,6,0
972,-8.93443553912,6.66042843833,1.0,5,0
973,-0.836745346673,7.36552576336,1.0,5,0
974,11.5507028734,3.08049146924,0.0,7,0
975,2.36131359776,-0.795467689088,1.0,7,0
976,-14.7556078031,-1.66215330755,1.0,0,0
977,0.647509004939,-5.03306866394,0.0,7,0
978,9.88737152239,-2.19036940902,1.0,1,0
979,12.1753479682,-1.58664709341,1.0,1,0
980,-1.9363265947,6.18999996217,1.0,5,0
981,8.81548188999,-0.676585686521,0.0,1,0
982,-0.942389590803,-3.14206182499,1.0,2,0
983,8.81600291003,-5.48375278432,1.0,4,0
984,8.25003620773,3.88046658871,1.0,6,0
985,4.07556110376,-6.5837880535,0.0,7,0
986,-10.7232220761,-7.23693092568,1.0,0,0
987,-10.8264858541,-8.65475934345,1.0,0,0
988,-13.214985368,-5.04672801866,1.0,0,0
989,-3.77899107805,-3.98855067748,1.0,6,0
990,-1.854256711,6.32379762516,1.0,5,0
991,-0.43132443245,-4.08553688653,0.0,7,0
992,1.31157996194,-3.4535139308,1.0,7,0
993,-7.46832549726,-2.51568173885,1.0,6,0
994,-3.55820002488,-4.67519945052,0.0,6,0
995,12.5565497202,6.68550944445,0.0,2,0
996,-7.19302164199,-4.69827109527,1.0,6,0
997,-14.0342180954,-0.741094460263,1.0,0,0
998,5.35139092627,3.73155003823,0.0,1,0
999,6.07763546632,-3.40810530745,0.0,7,0
1000,4.1966212959,1.9352670421,1.0,1,0
1001,11.7061727121,-0.293402948803,0.0,1,0
1002,6.91233284067,1.14399360703,0.0,1,0
1003,4.80400444703,0.799625625252,0.0,1,0
1004,4.92668666425,-0.265437352981,1.0,7,0
1005,-2.76663505151,2.00473586343,1.0,4,0
1006,-5.63945807652,7.7820712068,0.0,5,0
1007,1.83033902995,-6.60134278,0.0,7,0
1008,-6.08593106583,-2.76140936332,0.0,6,0
1009,6.76936482613,-1.40069734839,0.0,1,0
1010,10.0405070611,-10.2968565654,0.0,8,1
1011,-11.0964987061,-4.49687904705,1.0,0,0
1012,9.71671411626,-10.165259435,1.0,8,1
1013,-2.7208981055,-7.33225964177,0.0,7,0
1014,10.3039173587,-10.3233377724,0.0,8,1
1015,1.50302736125,5.15703006493,1.0,1,0
1016,-14.0478982103,-0.560554756277,1.0,0,0
1017,5.33075392757,3.71976664409,0.0,1,0
1018,11.3318553358,-2.64445604672,1.0,1,0
1019,12.7687301121,7.33279775311,0.0,2,0
1020,4.93648964628,2.77289750772,0.0,1,0
1021,10.0973029971,6.07449091986,0.0,2,0
1022,9.20379764171,-4.58310518972,1.0,4,0
1023,-5.87602768334,3.94321927967,0.0,5,0
1024,-1.10767292472,3.89661910388,1.0,5,0
1025,-10.0149651537,0.131066489056,1.0,6,0
1026,11.5384725689,3.12262757217,0.0,7,0
1027,0.394012730353,11.0942247571,0.0,3,0
1028,-9.53730402691,-3.42774561843,1.0,6,0
1029,-3.07940214715,-4.1891220465,0.0,7,0
1030,-5.86283208579,-13.5809485849,1.0,2,0
1031,7.30863820526,0.983492994819,1.0,1,0
1032,1.78363796829,-6.40026953578,1.0,7,0
1033,9.23431016705,4.44797486589,1.0,2,0
1034,-3.37569965157,-3.29162873305,1.0,7,0
1035,-12.1686905955,-6.3965817667,1.0,0,0
1036,3.10013780377,3.64667814086,1.0,1,0
1037,11.8120648309,6.56178669896,0.0,2,0
1038,-8.24261546681,-1.73345135863,1.0,6,0
1039,-6.96551566261,-2.47161179659,1.0,6,0
1040,0.52565929076,12.4907145901,1.0,3,0
1041,8.50326379757,4.2744854152,0.0,2,0
1042,10.5818619872,-2.91186677297,1.0,1,0
1043,1.66529227208,0.466414716961,1.0,7,0
1044,6.53952597078,3.310021044,0.0,7,0
1045,-7.98847764986,6.02652001866,1.0,5,0
1046,-13.9981239674,-5.11074445169,1.0,0,0
1047,2.72413191328,-6.47883617568,0.0,7,0
1048,-15.1813653516,-3.1341934882,1.0,0,0
1049,-0.231630096686,-5.66451914042,0.0,7,0
1050,0.620621365671,-5.2349988641,0.0,7,0
1051,4.1823384286,-4.69133827748,0.0,7,0
1052,14.2633280508,6.43005011007,0.0,2,0
1053,12.5651496722,7.2829363777,0.0,2,0
1054,10.3822763356,-7.7100668457,1.0,7,1
